,sqft,beds,baths,lot_size,year_built,address,Bronx,Brooklyn,Manhattan,New York,Queens,Staten Island,Condo,Land,Multi-Family Home,Single Family Home,sale_price
0,1120.0,4.0,1.0,940.0,1920.0,256 E 43rd St,0,1,0,0,0,0,0,0,0,1,407986.0
1,2025.0,4.0,2.5,2352.0,1986.0,47 Ilyse Ct,0,0,0,0,0,1,0,0,0,1,700000.0
2,1196.0,3.0,2.5,4200.0,1965.0,370 Tysens Ln,0,0,0,0,0,1,0,0,0,1,700000.0
3,1513.0,3.0,2.5,2886.0,1975.0,486 Castleton Ave,0,0,0,0,0,1,0,0,0,1,550000.0
4,840.0,2.0,1.5,696.0,1988.0,10 Sea Breeze Ln,0,0,0,0,0,1,1,0,0,0,380000.0
5,2296.0,3.0,2.5,4680.0,1969.0,158 Benedict Ave,0,0,0,0,0,1,0,0,0,1,735000.0
6,1500.0,2.0,1.0,12196.811200000002,1949.0,181 3rd St,0,0,0,0,0,1,1,0,0,0,265000.0
7,1510.0,2.0,1.5,2220.0,1989.0,119 Milton Ave,0,0,0,0,0,1,1,0,0,0,493000.0
8,1470.0,4.0,2.5,5227.0,1945.0,248-14 Thornhill Ave,0,0,0,0,1,0,0,0,0,1,910000.0
9,1200.0,3.0,2.0,1840.0,1925.0,412 Applegate Ct,0,1,0,0,0,0,0,0,0,1,800000.0
10,3000.0,8.0,3.0,2178.0,1901.0,372 Montauk Ave,0,1,0,0,0,0,0,0,1,0,940000.0
11,1860.0,4.0,4.0,7100.0,1955.0,27 Titus Ave,0,0,0,0,0,1,0,0,0,1,740000.0
12,1184.0,3.0,2.5,2850.0,1970.0,84 Acacia Ave,0,0,0,0,0,1,0,0,0,1,605000.0
13,3885.0,6.0,4.0,9000.0,1975.0,331 Detroit Ave,0,0,0,0,0,1,0,0,0,1,1265000.0
14,1472.0,3.0,1.5,2300.0,1976.0,98 Stieg Ave,0,0,0,0,0,1,0,0,0,1,570000.0
15,2548.0,3.0,2.5,4760.0,1970.0,314 Caswell Ave,0,0,0,0,0,1,0,0,0,1,888000.0
16,2534.0,4.0,4.0,4000.0,1982.0,20 Mercer Pl,0,0,0,0,0,1,0,0,0,1,989000.0
17,1170.0,3.0,2.0,2000.0,1920.0,1215 E 94th St,0,1,0,0,0,0,0,0,0,1,630000.0
18,1368.0,3.0,2.5,2400.0,2000.0,52 Eagan Ave,0,0,0,0,0,1,0,0,0,1,650000.0
19,1150.0,4.0,1.5,2500.0,1925.0,244 Hylan Blvd,0,0,0,0,0,1,0,0,0,1,440000.0
20,2580.0,5.0,2.5,1620.0,1997.0,454 Franklin Ave,0,1,0,0,0,0,0,0,1,0,1597000.0
21,1729.0,3.0,2.0,3750.0,1935.0,39 Rokeby Pl,0,0,0,0,0,1,0,0,0,1,685000.0
22,2224.0,7.0,3.0,2000.0,1920.0,2021 W 13th St,0,1,0,0,0,0,0,0,1,0,1220000.0
23,2330.0,3.0,2.5,3116.0,1998.0,1568 Woodrow Rd,0,0,0,0,0,1,0,0,0,1,720000.0
24,1672.0,4.0,2.0,5000.0,1910.0,17 Winfield St,0,0,0,0,0,1,0,0,1,0,700000.0
25,2278.0,3.0,2.5,1890.0,1940.0,46 Corbin Pl,0,1,0,0,0,0,0,0,1,0,1130000.0
26,3296.0,5.0,5.0,9100.0,1990.0,206 Darlington Ave,0,0,0,0,0,1,0,0,0,1,1150000.0
27,840.0,2.0,1.0,2850.0,1940.0,41 Sprague Ave,0,0,0,0,0,1,0,0,0,1,450000.0
28,1800.0,3.0,2.0,5000.0,1901.0,136 Arlington Ave,0,0,0,0,0,1,0,0,0,1,539000.0
29,1815.0,8.0,3.0,2500.0,1920.0,68 Scribner Ave,0,0,0,0,0,1,0,0,0,1,785000.0
30,2040.0,1.0,1.5,3132.0,2017.0,816-818 Patterson Ave,0,0,0,0,0,1,0,0,0,1,640000.0
31,1500.0,3.0,1.5,2700.0,1993.0,210 Kirshon Ave,0,0,0,0,0,1,0,0,0,1,575000.0
32,3456.0,6.0,2.0,4760.0,1932.0,289 St Pauls Ave,0,0,0,0,0,1,0,0,0,1,575000.0
33,7365.0,8.0,9.5,2043.0,1921.0,50 E 81st St,0,0,1,0,0,0,0,0,1,0,7700000.0
34,960.0,3.0,1.5,1742.0,1930.0,32-43 200 St,0,0,0,0,1,0,0,0,0,1,668000.0
35,2640.0,4.0,2.5,5227.0,2007.0,151-36 10th Ave,0,0,0,1,0,0,0,0,0,1,1600000.0
36,1998.0,4.0,2.5,1742.0,1960.0,61-53 67th St,0,0,0,1,0,0,0,0,1,0,870000.0
37,1500.0,3.0,2.5,4356.0,1925.0,147-30 84th Dr,0,0,0,0,1,0,0,0,0,1,890000.0
38,2150.0,6.0,3.0,2178.0,1901.0,845 Crotona Park N,1,0,0,0,0,0,0,0,1,0,575000.0
39,1720.0,3.0,2.5,2178.0,1920.0,89-09 91 St,0,0,0,1,0,0,0,0,0,1,650000.0
40,836.0,2.0,1.0,2178.0,1935.0,48-61 207 St,0,0,0,0,1,0,0,0,0,1,660000.0
41,2288.0,5.0,3.0,4760.0,1960.0,94 Dalton Ave,0,0,0,0,0,1,0,0,0,1,850000.0
42,4680.0,6.0,5.0,9954.0,1996.0,15 Carolyn Ct,0,0,0,0,0,1,0,0,0,1,1525000.0
43,2344.0,5.0,3.0,4400.0,1986.0,951 Bard Ave,0,0,0,0,0,1,0,0,0,1,757000.0
44,2250.0,4.0,3.5,3207.0,2003.0,39 Wycliff Ln,0,0,0,0,0,1,0,0,0,1,760000.0
45,1152.0,4.0,2.0,3500.0,1930.0,320 Jewett Ave,0,0,0,0,0,1,0,0,0,1,534000.0
46,1368.0,3.0,2.5,2500.0,1920.0,33 Haughwout Ave,0,0,0,0,0,1,0,0,0,1,605000.0
47,1080.0,3.0,1.5,2886.0,1977.0,264 Giffords Ln,0,0,0,0,0,1,0,0,0,1,550000.0
48,880.0,3.0,1.5,2650.0,1985.0,458 Clifton Ave,0,0,0,0,0,1,0,0,0,1,518000.0
49,1438.0,3.0,1.5,2614.0,1920.0,78-17 86th St,0,0,0,0,1,0,0,0,0,1,805000.0
50,912.0,3.0,1.0,5246.0,1955.0,349 South Ave,0,0,0,0,0,1,0,0,0,1,449000.0
51,1408.0,3.0,1.5,2500.0,1920.0,549 E 28th St,0,1,0,0,0,0,0,0,0,1,749000.0
52,1628.0,2.0,2.0,3700.0,1920.0,179 Llewellyn Pl,0,0,0,0,0,1,0,0,0,1,640000.0
53,1400.0,3.0,1.5,3400.0,1999.0,1295 Arden Ave,0,0,0,0,0,1,0,0,0,1,600000.0
54,928.0,3.0,1.0,1600.0,1940.0,25 Brighton 5th Ln,0,1,0,0,0,0,0,0,0,1,455000.0
55,5712.0,12.0,6.0,2614.0,1931.0,70-42 66th St,0,0,0,0,1,0,0,0,1,0,1275000.0
56,1660.0,3.0,2.5,6808.0,1935.0,153 Sampson Ave,0,0,0,0,0,1,0,0,0,1,629000.0
57,1220.0,3.0,2.0,1914.0,1960.0,112 S Railroad Ave,0,0,0,0,0,1,0,0,0,1,539000.0
58,1184.0,3.0,1.0,1742.0,1945.0,66-14 Booth St,0,0,0,0,1,0,0,0,0,1,845000.0
59,1230.0,3.0,1.5,2333.0,1960.0,176 Macfarland Ave,0,0,0,0,0,1,0,0,0,1,604888.0
60,1620.0,4.0,2.5,2000.0,1930.0,122 Avenue N,0,1,0,0,0,0,0,0,0,1,775000.0
61,5000.0,3.0,4.5,9300.0,2020.0,101 Manee Ave,0,0,0,0,0,1,0,0,0,1,1500000.0
62,3260.0,3.0,2.5,14810.413600000002,1935.0,25 Carlton Pl,0,0,0,0,0,1,0,0,0,1,1400000.0
63,2256.0,4.0,3.5,4000.0,2020.0,246 Crown Ave,0,0,0,0,0,1,0,0,0,1,979999.0
64,1701.0,2.0,1.0,2614.0,1955.0,66-53 Alderton St,0,0,0,1,0,0,0,0,0,1,770000.0
65,1376.0,4.0,2.0,8480.0,1910.0,1598 Richmond Ave,0,0,0,0,0,1,0,0,0,1,715000.0
66,2160.0,3.0,3.5,2520.0,2001.0,70 Ambassador Ln,0,0,0,0,0,1,0,0,0,1,670000.0
67,1400.0,3.0,2.5,1900.0,1999.0,137 Grimsby St,0,0,0,0,0,1,0,0,0,1,400000.0
68,1224.0,3.0,2.0,1800.0,1930.0,2045 Ford St,0,1,0,0,0,0,0,0,0,1,725000.0
69,1584.0,3.0,1.0,2700.0,1925.0,436 Clove Rd,0,0,0,0,0,1,0,0,0,1,500000.0
70,1900.0,4.0,2.0,1742.0,1899.0,687 Madison St,0,1,0,0,0,0,0,0,1,0,1275000.0
71,2444.0,3.0,3.0,3900.0,1987.0,988 Rathbun Ave,0,0,0,0,0,1,0,0,0,1,895000.0
72,2700.0,4.0,2.5,4800.0,2001.0,171 Manhattan St,0,0,0,0,0,1,0,0,0,1,999900.0
73,2200.0,4.0,2.5,4085.0,2000.0,3397 Richmond Ave,0,0,0,0,0,1,0,0,0,1,920000.0
74,2441.0,4.0,3.5,4500.0,1970.0,484 Ashworth Ave,0,0,0,0,0,1,0,0,0,1,804000.0
75,1396.0,4.0,1.5,3760.0,1920.0,57 Allen Ct,0,0,0,0,0,1,0,0,0,1,690000.0
76,1120.0,2.0,3.0,7200.0,1925.0,31 Frank Ct,0,1,0,0,0,0,0,0,0,1,850000.0
77,2408.0,3.0,3.0,4480.0,1920.0,42 Pearsall St,0,0,0,0,0,1,0,0,0,1,685000.0
78,2297.0,4.0,1.5,2496.0,1986.0,20 Dina Ct,0,0,0,0,0,1,0,0,0,1,710000.0
79,2196.0,3.0,2.0,4000.0,1901.0,41 Cannon Ave,0,0,0,0,0,1,0,0,0,1,680000.0
80,1256.0,3.0,2.0,3335.0,1925.0,13 Howard Ct,0,0,0,0,0,1,0,0,0,1,443000.0
81,1492.0,3.0,2.5,2380.0,2005.0,52 Santa Monica Ln,0,0,0,0,0,1,0,0,0,1,635000.0
82,2304.0,4.0,2.0,1950.0,2019.0,25 Milbank Rd,0,0,0,0,0,1,0,0,0,1,580000.0
83,2040.0,4.0,2.0,1892.0,1955.0,1873 Shore Pkwy,0,1,0,0,0,0,0,0,1,0,988000.0
84,2007.0,5.0,3.0,3800.0,1947.0,39 Austin Ave,0,0,0,0,0,1,0,0,0,1,625000.0
85,1152.0,3.0,1.5,2600.0,1960.0,2683 E 63rd St,0,1,0,0,0,0,0,0,0,1,770000.0
86,1344.0,3.0,2.0,2377.0,1925.0,9105 Colonial Rd,0,1,0,0,0,0,0,0,0,1,1365000.0
87,3063.0,4.0,2.5,6900.0,1925.0,34 Colonial Ct,0,0,0,0,0,1,0,0,0,1,1070000.0
88,1040.0,3.0,1.0,3745.0,1930.0,25 Virginia Pl,0,0,0,0,0,1,0,0,0,1,560000.0
89,1456.0,3.0,1.5,2200.0,1979.0,447 Dongan Hills Ave,0,0,0,0,0,1,0,0,0,1,580000.0
90,1600.0,3.0,3.5,2500.0,2004.0,71 Waldron Ave,0,0,0,0,0,1,0,0,0,1,690000.0
91,1028.0,2.0,2.5,1890.0,1913.0,1713 E 93rd St,0,1,0,0,0,0,0,0,0,1,575000.0
92,1836.0,4.0,2.5,2397.0,1940.0,1951 19th Ln,0,1,0,0,0,0,0,0,1,0,950000.0
93,1953.0,6.0,4.5,2205.0,2003.0,3530 Bronxwood Ave,1,0,0,0,0,0,0,0,1,0,728000.0
94,2650.0,7.0,5.0,2614.0,1899.0,73 Kingsland Ave,0,1,0,0,0,0,0,0,1,0,1558000.0
95,1520.0,3.0,2.0,2178.0,1940.0,50-32 64 St,0,0,0,1,0,0,0,0,0,1,865000.0
96,2392.0,4.0,4.5,4792.0,1950.0,159-13 85 St,0,0,0,0,1,0,0,0,0,1,1270000.0
97,1200.0,3.0,3.0,3485.0,1925.0,90-10 195th Pl,0,0,0,0,1,0,0,0,0,1,685000.0
98,3000.0,8.0,5.0,4792.0,2006.0,243-04 149th Ave,0,0,0,1,0,0,0,0,1,0,1175000.0
99,1554.0,2.0,2.0,1316.0,2000.0,64 Alex Cir,0,0,0,0,0,1,0,0,0,1,555000.0
100,3000.0,4.0,3.0,4400.0,1990.0,915 Bard Ave,0,0,0,0,0,1,0,0,0,1,946000.0
101,7200.0,5.0,4.5,14810.413600000002,2001.0,15 Ocean Ct,0,0,0,0,0,1,0,0,0,1,2200000.0
102,1192.0,2.0,1.5,1890.0,1989.0,94 Church Ave,0,0,0,0,0,1,1,0,0,0,552000.0
103,1632.0,3.0,2.5,3432.0,1980.0,263 Grantwood Ave,0,0,0,0,0,1,0,0,0,1,670000.0
104,1472.0,3.0,1.5,2400.0,1975.0,85 Woehrle Ave,0,0,0,0,0,1,0,0,0,1,620000.0
105,1296.0,3.0,1.5,2400.0,1970.0,12 Signs Rd,0,0,0,0,0,1,0,0,0,1,620000.0
106,1084.0,3.0,1.5,2001.0,1975.0,421 Riedel Ave,0,0,0,0,0,1,0,0,0,1,580000.0
107,2160.0,3.0,2.5,2712.0,1979.0,251 Slater Blvd,0,0,0,0,0,1,0,0,0,1,638000.0
108,936.0,2.0,1.5,806.0,1988.0,12 Kathy Ct,0,0,0,0,0,1,1,0,0,0,490000.0
109,2192.0,3.0,4.0,5000.0,1965.0,96 Durant Ave,0,0,0,0,0,1,0,0,0,1,985000.0
110,1500.0,3.0,3.5,2400.0,2018.0,164 Hopkins Ave,0,0,0,0,0,1,0,0,0,1,700000.0
111,1410.0,3.0,2.5,2300.0,2002.0,22 Knight Loop,0,0,0,0,0,1,0,0,0,1,580000.0
112,3200.0,3.0,2.5,4500.0,1973.0,37 Escanaba Ave,0,0,0,0,0,1,0,0,0,1,839000.0
113,2080.0,3.0,2.0,3600.0,2017.0,40 Seafoam St,0,0,0,0,0,1,0,0,0,1,657000.0
114,5648.0,10.0,10.0,1839.0,1895.0,306 W 78th St,0,0,1,0,0,0,0,0,1,0,5600000.0
115,2400.0,4.0,2.0,4320.0,1965.0,205 Steinway Ave,0,0,0,0,0,1,0,0,0,1,750000.0
116,2771.0,8.0,5.0,2030.0,2001.0,95 Bay 38th St,0,1,0,0,0,0,0,0,1,0,1590000.0
117,560.0,3.0,1.0,2506.0,1920.0,13 Homer St,0,0,0,0,0,1,0,0,0,1,349013.0
118,1694.0,3.0,2.5,2080.0,1960.0,2432 Gerritsen Ave,0,1,0,0,0,0,0,0,0,1,735000.0
119,1680.0,3.0,1.0,2787.0,1830.0,276 Winthrop St,0,1,0,0,0,0,0,0,0,1,1080000.0
120,1680.0,6.0,3.0,2614.0,1925.0,55-11 39th Ave,0,0,0,1,0,0,0,0,1,0,940000.0
121,1152.0,4.0,3.0,4185.0,1940.0,220 Vanderbilt Ave,0,0,0,0,0,1,0,0,0,1,500000.0
122,2812.0,4.0,5.0,1520.0,1841.0,73 Gold St,0,1,0,0,0,0,0,0,1,0,4050000.0
123,1540.0,3.0,2.5,2975.0,1985.0,448 Clifton Ave,0,0,0,0,0,1,0,0,0,1,645000.0
124,1584.0,3.0,3.0,3325.0,1925.0,34 Cornell St,0,0,0,0,0,1,0,0,0,1,585000.0
125,3396.0,4.0,3.5,6949.0,2004.0,22 Dawn Ct,0,0,0,0,0,1,0,0,0,1,660000.0
126,2544.0,3.0,2.0,4000.0,1973.0,16 Rockville Ave,0,0,0,0,0,1,0,0,0,1,899000.0
127,1480.0,3.0,3.5,2400.0,2001.0,255 Graves St,0,0,0,0,0,1,0,0,0,1,665000.0
128,2562.0,7.0,2.0,1897.0,1925.0,8125 6th Ave,0,1,0,0,0,0,0,0,1,0,1455000.0
129,2062.0,4.0,2.5,3895.0,1978.0,88 Berry Ave,0,0,0,0,0,1,0,0,0,1,720000.0
130,2352.0,4.0,2.5,2000.0,1925.0,6512 17th Ave,0,1,0,0,0,0,0,0,0,1,1040000.0
131,3100.0,3.0,2.5,3750.0,2019.0,522 Clermont Ave,0,0,0,0,0,1,0,0,0,1,890000.0
132,1200.0,3.0,2.5,2000.0,2016.0,84 Livingston Ave,0,0,0,0,0,1,0,0,0,1,640000.0
133,2504.0,5.0,3.0,4000.0,1965.0,1051 Willowbrook Rd,0,0,0,0,0,1,0,0,0,1,799000.0
134,1711.0,3.0,2.0,2233.0,1935.0,143 E 89th St,0,1,0,0,0,0,0,0,1,0,650000.0
135,1008.0,3.0,2.0,4200.0,1965.0,354 Virginia Ave,0,0,0,0,0,1,0,0,0,1,535000.0
136,1816.0,3.0,3.0,1997.0,1930.0,2610 Harway Ave,0,1,0,0,0,0,0,0,1,0,947000.0
137,1971.0,4.0,2.0,3800.0,1974.0,397 Robinson Ave,0,0,0,0,0,1,0,0,0,1,710000.0
138,1056.0,3.0,2.0,4000.0,1955.0,204 Amber St,0,0,0,0,0,1,0,0,0,1,730000.0
139,1480.0,3.0,2.0,3975.0,1989.0,26 Peggy Ln,0,0,0,0,0,1,0,0,0,1,585000.0
140,1450.0,3.0,1.5,2442.0,1965.0,465 Beach Rd,0,0,0,0,0,1,0,0,0,1,610000.0
141,2376.0,5.0,3.5,4769.0,2020.0,555 Woodrow Rd,0,0,0,0,0,1,0,0,0,1,975000.0
142,1280.0,3.0,2.5,2000.0,1920.0,2655 E 27th St,0,1,0,0,0,0,0,0,0,1,628000.0
143,1200.0,4.0,2.0,5110.0,1955.0,90 Shirley Ave,0,0,0,0,0,1,0,0,0,1,530000.0
144,1200.0,3.0,1.5,2500.0,1970.0,173 Winham Ave,0,0,0,0,0,1,0,0,0,1,625000.0
145,1400.0,3.0,2.0,3000.0,1932.0,90 Ontario Ave,0,0,0,0,0,1,0,0,0,1,495000.0
146,1584.0,2.0,3.0,2250.0,1987.0,145 Seaview Ave,0,0,0,0,0,1,0,0,1,0,590000.0
147,800.0,2.0,1.0,3125.0,1920.0,22 Rosebank Pl,0,0,0,0,0,1,0,0,0,1,345000.0
148,1472.0,3.0,1.0,3049.0,1930.0,10727 219th St,0,0,0,1,0,0,0,0,0,1,575000.0
149,530.0,4.0,2.0,2178.0,1915.0,76-36 85th Dr,0,0,0,1,0,0,0,0,1,0,780000.0
150,2047.0,3.0,2.0,3920.0,1935.0,150-24 20th Rd,0,0,0,1,0,0,0,0,0,1,1065000.0
151,1303.0,3.0,2.0,4792.0,1950.0,22-14 201 St,0,0,0,0,1,0,0,0,0,1,850000.0
152,1188.0,3.0,1.5,1530.0,1983.0,40 Hemlock Ct,0,0,0,0,0,1,1,0,0,0,450000.0
153,2500.0,3.0,2.5,3750.0,2006.0,575 Yetman Ave,0,0,0,0,0,1,0,0,0,1,995000.0
154,1648.0,0.0,0.0,1580.0,1996.0,262 Edgewater St,0,0,0,0,0,1,0,0,1,0,575000.0
155,2729.0,5.0,1.0,3600.0,1910.0,203 College Ave,0,0,0,0,0,1,0,0,0,1,630000.0
156,1720.0,3.0,2.5,2450.0,1986.0,724 Olympia Blvd,0,0,0,0,0,1,0,0,0,1,680000.0
157,1676.0,3.0,2.5,2167.0,2013.0,36 Persimmon Ln,0,0,0,0,0,1,0,0,0,1,699000.0
158,1728.0,4.0,2.5,2000.0,2012.0,221 Norway Ave,0,0,0,0,0,1,1,0,0,0,650000.0
159,3163.0,4.0,4.0,1667.0,1899.0,507 Hicks St,0,1,0,0,0,0,0,0,1,0,2554000.0
160,1200.0,3.0,2.0,2000.0,1920.0,1767 Hendrickson St,0,1,0,0,0,0,0,0,0,1,725000.0
161,2072.0,4.0,3.5,4000.0,1970.0,53 Dewhurst St,0,0,0,0,0,1,0,0,0,1,1150000.0
162,1433.0,4.0,2.0,4400.0,1950.0,730 Bard Ave,0,0,0,0,0,1,0,0,0,1,627000.0
163,780.0,2.0,2.0,3720.0,1975.0,21 Sweetwater Ave,0,0,0,0,0,1,0,0,0,1,390000.0
164,1552.0,1.0,1.0,25264.8232,1925.0,40 Macfarland Ave,0,0,0,0,0,1,0,0,0,1,365000.0
165,1530.0,4.0,2.0,2000.0,1920.0,2311 E 14th St,0,1,0,0,0,0,0,0,0,1,825000.0
166,1825.0,4.0,2.0,4888.0,1960.0,260 Combs Ave,0,0,0,0,0,1,0,0,0,1,770000.0
167,2304.0,6.0,4.0,3528.0,1995.0,16740 146th Ave,0,0,0,0,1,0,0,0,1,0,850000.0
168,1144.0,3.0,2.5,33105.6304,1910.0,266 Guyon Ave,0,0,0,0,0,1,0,0,0,1,680000.0
169,936.0,3.0,1.5,3549.0,1955.0,69 Andros Ave,0,0,0,0,0,1,0,0,0,1,425000.0
170,3395.0,6.0,4.0,7000.0,1899.0,300 Bard Ave,0,0,0,0,0,1,0,0,0,1,840000.0
171,4080.0,4.0,3.5,9120.0,2020.0,116 Bayview Ave,0,0,0,0,0,1,0,0,0,1,1400000.0
172,1296.0,3.0,1.5,1800.0,1955.0,1722 E 54th St,0,1,0,0,0,0,0,0,0,1,635000.0
173,1008.0,3.0,2.0,2958.0,1920.0,1151 63rd St,0,1,0,0,0,0,0,0,0,1,900000.0
174,960.0,2.0,1.5,1400.0,1993.0,151 Bement Ct,0,0,0,0,0,1,0,0,0,1,385000.0
175,749.0,2.0,1.0,2500.0,1940.0,112 New St,0,0,0,0,0,1,0,0,0,1,315000.0
176,2080.0,4.0,2.0,2250.0,1915.0,867 Van Duzer St,0,0,0,0,0,1,0,0,1,0,450000.0
177,2910.0,3.0,3.0,4883.0,2020.0,88 Chestnut Ave,0,0,0,0,0,1,0,0,0,1,942500.0
178,1280.0,3.0,1.5,2178.0,1935.0,74-05 Kessel St,0,0,0,0,1,0,0,0,0,1,1100000.0
179,1878.0,3.0,2.5,2614.0,2005.0,143-35 Farmers Blvd,0,0,0,0,1,0,0,0,0,1,435000.0
180,1219.0,3.0,2.0,2178.0,1924.0,61-24 62nd St,0,0,0,1,0,0,0,0,0,1,750000.0
181,1197.0,3.0,1.5,2614.0,1910.0,147-15 15 Ave,0,0,0,1,0,0,0,0,0,1,750000.0
182,1120.0,3.0,1.5,2614.0,1920.0,130-04 Lefferts Blvd,0,0,0,1,0,0,0,0,0,1,605000.0
183,1800.0,4.0,2.0,2614.0,1926.0,171-24 Courtney Ave,0,0,0,0,1,0,0,0,0,1,915000.0
184,1300.0,4.0,2.5,2178.0,1920.0,89-38 83rd Ave,0,0,0,1,0,0,0,0,0,1,698400.0
185,2444.0,5.0,3.0,4000.0,1974.0,96 Holcomb Ave,0,0,0,0,0,1,0,0,0,1,850000.0
186,2084.0,3.0,2.5,3125.0,2002.0,47 Fox Hill Ter,0,0,0,0,0,1,0,0,0,1,799000.0
187,1500.0,3.0,3.0,2700.0,1980.0,330 Green Valley Rd,0,0,0,0,0,1,0,0,0,1,660000.0
188,1600.0,3.0,2.5,3750.0,1995.0,14 Wolcott Ave,0,0,0,0,0,1,0,0,0,1,660000.0
189,2916.0,3.0,2.5,4200.0,1975.0,15 Elwood Ave,0,0,0,0,0,1,0,0,0,1,890000.0
190,2800.0,3.0,2.5,4400.0,1975.0,1 Villanova St,0,0,0,0,0,1,0,0,0,1,940000.0
191,2200.0,4.0,3.0,5000.0,1950.0,196 Lindenwood Rd,0,0,0,0,0,1,0,0,0,1,788000.0
192,1600.0,3.0,2.5,2825.0,2000.0,34 Amy Ln,0,0,0,0,0,1,0,0,0,1,649000.0
193,2270.0,4.0,3.5,3450.0,2005.0,125 Arbutus Ave,0,0,0,0,0,1,0,0,0,1,875000.0
194,2012.0,5.0,2.0,12632.4116,1915.0,22 Meadow Ave,0,0,0,0,0,1,0,0,0,1,850000.0
195,1536.0,3.0,1.5,3000.0,1980.0,382 Jefferson Ave,0,0,0,0,0,1,0,0,0,1,580000.0
196,1583.0,3.0,1.5,3690.0,1925.0,272 Van Pelt Ave,0,0,0,0,0,1,0,0,0,1,470000.0
197,1060.0,3.0,1.5,1373.0,1991.0,34 Houston Ln,0,0,0,0,0,1,1,0,0,0,461000.0
198,1584.0,2.0,2.5,1600.0,1940.0,2182 E 28th St,0,1,0,0,0,0,0,0,0,1,770000.0
199,1660.0,3.0,2.5,2000.0,2004.0,327 Colony Ave,0,0,0,0,0,1,0,0,0,1,599000.0
200,1200.0,3.0,2.5,2500.0,1965.0,38 Ainsworth Ave,0,0,0,0,0,1,0,0,0,1,625000.0
201,2760.0,5.0,4.5,3000.0,1960.0,2024 E 54th St,0,1,0,0,0,0,0,0,1,0,995000.0
202,1510.0,3.0,2.5,3264.0,1925.0,22 Josephine St,0,0,0,0,0,1,0,0,0,1,690000.0
203,1680.0,3.0,2.5,3500.0,2003.0,7 Hank Pl,0,0,0,0,0,1,0,0,0,1,730000.0
204,1810.0,3.0,3.5,2614.0,1940.0,140-38 69 Ave,0,0,0,0,1,0,0,0,1,0,1300000.0
205,2400.0,3.0,3.0,3920.0,1950.0,70-12 171 St,0,0,0,0,1,0,0,0,0,1,960000.0
206,1833.0,4.0,2.5,4356.0,1960.0,216-28 28th Rd,0,0,0,1,0,0,0,0,0,1,1130000.0
207,4080.0,0.0,2.0,3414.0,1930.0,1531 E 7th St,0,1,0,0,0,0,0,0,1,0,2160000.0
208,2236.0,5.0,2.0,3920.0,1950.0,159-43 98th St,0,0,0,1,0,0,0,0,1,0,900000.0
209,2736.0,4.0,2.5,4485.0,2001.0,454 Main St,0,0,0,0,0,1,0,0,0,1,990000.0
210,1550.0,3.0,2.5,2500.0,1997.0,332 Mason Blvd,0,0,0,0,0,1,0,0,0,1,675000.0
211,1316.0,3.0,2.0,2040.0,1920.0,1737 W 2nd St,0,1,0,0,0,0,0,0,0,1,929000.0
212,1440.0,3.0,1.5,3588.0,1996.0,70 Salamander Ct,0,0,0,0,0,1,0,0,0,1,540000.0
213,2546.0,4.0,2.5,4800.0,1985.0,99 Ramapo Ave,0,0,0,0,0,1,0,0,0,1,820000.0
214,2012.0,3.0,3.5,1868.0,1983.0,8 Green Valley Rd,0,0,0,0,0,1,0,0,0,1,660000.0
215,1950.0,3.0,2.0,2441.0,1925.0,293 Bay 8 St,0,1,0,0,0,0,0,0,1,0,965000.0
216,1024.0,3.0,1.5,1800.0,1925.0,1452 E 53rd St,0,1,0,0,0,0,0,0,0,1,580000.0
217,1150.0,2.0,1.5,1350.0,1986.0,299 Lamberts Ln,0,0,0,0,0,1,1,0,0,0,470000.0
218,1960.0,6.0,3.0,2500.0,1930.0,1458 84th St,0,1,0,0,0,0,0,0,0,1,1225000.0
219,3300.0,10.0,3.5,2000.0,1920.0,680 Onderdonk Ave,0,0,0,1,0,0,0,0,1,0,998000.0
220,1496.0,3.0,1.5,4558.0,1940.0,2058 Brown St,0,1,0,0,0,0,0,0,0,1,760000.0
221,1300.0,3.0,3.5,1092.0,2005.0,76 Dartmouth Loop,0,0,0,0,0,1,1,0,0,0,675000.0
222,1950.0,4.0,2.0,1950.0,1955.0,1517 85th St,0,1,0,0,0,0,0,0,1,0,1115000.0
223,1296.0,2.0,1.0,1960.0,2002.0,410 Raritan Ave,0,0,0,0,0,1,0,0,0,1,565000.0
224,2400.0,5.0,3.0,3175.0,1920.0,2748 E 21st St,0,1,0,0,0,0,0,0,0,1,875000.0
225,1336.0,4.0,2.5,4000.0,1970.0,44 E Stroud Ave,0,0,0,0,0,1,0,0,0,1,720000.0
226,3500.0,4.0,3.5,5973.0,2020.0,34 Sycamore St,0,0,0,0,0,1,0,0,0,1,1189000.0
227,1356.0,3.0,1.5,4356.0,1930.0,149-18 10th Ave,0,0,0,1,0,0,0,0,0,1,730000.0
228,1400.0,3.0,1.5,2178.0,1931.0,77-04 87th St,0,0,0,0,1,0,0,0,0,1,780000.0
229,1100.0,3.0,1.0,1742.0,1930.0,198-25 33 Ave,0,0,0,0,1,0,0,0,0,1,678000.0
230,1520.0,3.0,1.5,3049.0,1960.0,61-40 Bell Blvd,0,0,0,1,0,0,0,0,0,1,999000.0
231,1696.0,3.0,3.0,2614.0,1920.0,139-10 Whitelaw St,0,0,0,1,0,0,0,0,1,0,830000.0
232,4560.0,4.0,3.5,10454.4096,1988.0,15 Haywood St,0,0,0,0,0,1,0,0,0,1,1315000.0
233,2700.0,5.0,3.5,4085.0,1997.0,27 Savo Loop,0,0,0,0,0,1,0,0,0,1,865000.0
234,1176.0,3.0,1.5,2400.0,1997.0,157 Oakdale St,0,0,0,0,0,1,0,0,0,1,649000.0
235,2594.0,4.0,2.0,3510.0,1899.0,481 Clove Rd,0,0,0,0,0,1,0,0,0,1,650000.0
236,1504.0,3.0,2.5,1938.0,1986.0,245 Corona Ave,0,0,0,0,0,1,0,0,0,1,582999.0
237,728.0,2.0,2.5,4000.0,1955.0,112 Lindbergh Ave,0,0,0,0,0,1,0,0,0,1,600000.0
238,1176.0,3.0,1.5,2415.0,1970.0,92 Bay Ter,0,0,0,0,0,1,0,0,0,1,496000.0
239,4600.0,6.0,4.0,9800.0,2001.0,300 Koch Blvd,0,0,0,0,0,1,0,0,0,1,1575000.0
240,1904.0,3.0,1.5,2860.0,1986.0,420 N Railroad Ave,0,0,0,0,0,1,0,0,0,1,573000.0
241,1800.0,4.0,4.0,2500.0,1930.0,2606 Voorhies Ave,0,1,0,0,0,0,0,0,0,1,1100000.0
242,1631.0,3.0,3.0,2132.0,1945.0,245 Bay 20 St,0,1,0,0,0,0,0,0,1,0,960000.0
243,1912.0,4.0,2.5,2500.0,1989.0,45 Marne Ave,0,0,0,0,0,1,0,0,0,1,630000.0
244,912.0,5.0,3.0,3600.0,1920.0,67 Beacon Ct,0,1,0,0,0,0,0,0,0,1,740000.0
245,1355.0,3.0,2.0,1800.0,1920.0,1114 78th St,0,1,0,0,0,0,0,0,0,1,1041500.0
246,1350.0,3.0,1.5,1170.0,1996.0,35 Eden Ct,0,0,0,0,0,1,1,0,0,0,470000.0
247,1785.0,3.0,3.0,1750.0,1930.0,1960 E 29th St,0,1,0,0,0,0,0,0,0,1,823000.0
248,1472.0,4.0,2.0,7315.0,1899.0,21 Knesel St,0,0,0,0,0,1,0,0,0,1,405000.0
249,3027.0,7.0,4.0,2500.0,1924.0,1858 Bay Ridge Ave,0,1,0,0,0,0,0,0,1,0,1450000.0
250,1000.0,4.0,3.0,3818.0,1989.0,27 White Plains Ave,0,0,0,0,0,1,0,0,0,1,730000.0
251,1408.0,3.0,1.5,1742.0,1960.0,25-30 College Point Blvd,0,0,0,0,1,0,1,0,0,0,660000.0
252,1560.0,4.0,1.5,3049.0,1930.0,93-19 215th Pl,0,0,0,1,0,0,0,0,0,1,565000.0
253,1152.0,3.0,1.5,2178.0,1920.0,89-50 202nd St,0,0,0,1,0,0,0,0,0,1,650000.0
254,1995.0,4.0,3.5,3485.0,1930.0,161-22 28 Ave,0,0,0,1,0,0,0,0,0,1,1230000.0
255,1344.0,3.0,1.0,3600.0,1915.0,130 Kingsley Ave,0,0,0,0,0,1,0,0,0,1,450000.0
256,2024.0,4.0,2.5,5000.0,1950.0,21 David St,0,0,0,0,0,1,0,0,0,1,870000.0
257,1080.0,3.0,2.0,4000.0,1970.0,27 Macon Ave,0,0,0,0,0,1,0,0,0,1,626500.0
258,896.0,4.0,2.0,2542.0,1920.0,9 Sunnymeade Vlg,0,0,0,0,0,1,0,0,0,1,399900.0
259,1282.0,4.0,2.5,1785.0,2010.0,37 Bevy Ct,0,1,0,0,0,0,0,0,1,0,715000.0
260,2365.0,2.0,3.5,1860.0,2006.0,84 Topside Ln,0,0,0,0,0,1,0,0,0,1,745000.0
261,2352.0,4.0,1.5,10018.809200000002,1975.0,312 Detroit Ave,0,0,0,0,0,1,0,0,0,1,975000.0
262,1409.0,3.0,2.5,2146.0,1998.0,264 Rhine Ave,0,0,0,0,0,1,0,0,0,1,620000.0
263,2200.0,4.0,2.5,3957.0,1997.0,38 Nicole Loop,0,0,0,0,0,1,0,0,0,1,938000.0
264,1125.0,3.0,1.0,4560.0,1960.0,114 Peter Ave,0,0,0,0,0,1,0,0,0,1,630000.0
265,2012.0,3.0,2.5,4200.0,1965.0,227 Abingdon Ave,0,0,0,0,0,1,0,0,0,1,720712.0
266,1432.0,3.0,2.5,2000.0,1920.0,1749 E 32nd St,0,1,0,0,0,0,0,0,0,1,755000.0
267,1856.0,3.0,2.5,2400.0,1980.0,184 Braisted Ave,0,0,0,0,0,1,0,0,0,1,690000.0
268,1036.0,3.0,2.0,1670.0,1940.0,3401 Avenue P,0,1,0,0,0,0,0,0,0,1,700000.0
269,1328.0,3.0,1.5,4000.0,1925.0,46 Carlin St,0,0,0,0,0,1,0,0,0,1,565000.0
270,1152.0,2.0,2.0,2900.0,1920.0,1165 63rd St,0,1,0,0,0,0,0,0,0,1,1089900.0
271,4140.0,7.0,4.0,2000.0,1894.0,242 Decatur St,0,1,0,0,0,0,0,0,1,0,2900000.0
272,1184.0,3.0,1.5,1573.0,1935.0,3710 Avenue R,0,1,0,0,0,0,0,0,0,1,650000.0
273,973.0,2.0,2.5,870.0,1995.0,77 Wildwood Ln,0,0,0,0,0,1,1,0,0,0,400000.0
274,1200.0,3.0,2.5,2760.0,1992.0,20 Cambridge Ave,0,0,0,0,0,1,0,0,0,1,648000.0
275,1135.0,2.0,1.0,2800.0,1925.0,41 Beekman St,0,0,0,0,0,1,0,0,0,1,450000.0
276,1092.0,3.0,1.5,6300.0,1960.0,374 Watchogue Rd,0,0,0,0,0,1,0,0,0,1,575000.0
277,1364.0,3.0,2.5,3082.0,2021.0,118 Hope Ave,0,0,0,0,0,1,1,0,0,0,665000.0
278,1378.0,3.0,1.5,2178.0,1920.0,583 E 51st St,0,1,0,0,0,0,0,0,0,1,610000.0
279,2580.0,5.0,3.0,4792.0,1960.0,169-56 24th Rd,0,0,0,0,1,0,0,0,0,1,1407000.0
280,1733.0,5.0,2.5,3920.0,1950.0,36-49 204th St,0,0,0,0,1,0,0,0,1,0,1297000.0
281,3390.0,7.0,5.0,10018.809200000002,1965.0,1800 E 91st St,0,1,0,0,0,0,0,0,1,0,995000.0
282,3372.0,7.0,3.0,1742.0,1905.0,60-66 68th Rd,0,0,0,1,0,0,0,0,1,0,1230000.0
283,3396.0,13.0,4.0,2452.0,1920.0,2854 W 17 St SW,0,1,0,0,0,0,0,0,1,0,999999.0
284,1750.0,3.0,3.5,1395.0,2005.0,23 Junction Ct,0,0,0,0,0,1,1,0,0,0,595000.0
285,1156.0,3.0,3.0,6600.0,1950.0,84 Oceanview Pl,0,0,0,0,0,1,0,0,0,1,742500.0
286,2250.0,5.0,4.0,2500.0,1955.0,1310 62nd St,0,1,0,0,0,0,0,0,0,1,870000.0
287,1472.0,2.0,2.0,4000.0,1930.0,169 Hickory Ave,0,0,0,0,0,1,0,0,0,1,455000.0
288,2495.0,6.0,5.0,5480.0,2006.0,127 Barry St,0,0,0,0,0,1,0,0,0,1,818500.0
289,1452.0,3.0,1.5,900.0,1988.0,230 Timber Ridge Dr,0,0,0,0,0,1,1,0,0,0,395000.0
290,1260.0,3.0,2.5,1920.0,1987.0,49 Oceanic Ave,0,0,0,0,0,1,0,0,0,1,560000.0
291,1188.0,3.0,2.0,4975.0,1950.0,2316 E 64th St,0,1,0,0,0,0,0,0,0,1,825000.0
292,2000.0,6.0,3.0,3060.0,1910.0,253 Clarkson Ave,0,1,0,0,0,0,0,0,1,0,950000.0
293,1400.0,3.0,2.5,2668.0,2000.0,47 Anjali Loop,0,0,0,0,0,1,0,0,0,1,670000.0
294,1900.0,3.0,4.0,2200.0,2003.0,82 Finley Ave,0,0,0,0,0,1,0,0,0,1,660000.0
295,1912.0,3.0,2.0,6000.0,1950.0,36 Seneca Ave,0,0,0,0,0,1,0,0,0,1,560000.0
296,1813.0,3.0,2.0,2233.0,1930.0,2445 E 19th St,0,1,0,0,0,0,0,0,1,0,865000.0
297,1500.0,2.0,1.5,1520.0,1987.0,21 Venus Ln,0,0,0,0,0,1,1,0,0,0,504888.0
298,1152.0,3.0,1.5,2500.0,1960.0,79 Lamport Blvd,0,0,0,0,0,1,0,0,0,1,535000.0
299,1488.0,3.0,2.0,7000.0,1915.0,256 Elm St,0,0,0,0,0,1,0,0,0,1,499999.0
300,672.0,2.0,1.5,5600.0,1950.0,41 Buel Ave,0,0,0,0,0,1,0,0,0,1,499999.0
301,2080.0,3.0,2.0,6500.0,1952.0,284 London Rd,0,0,0,0,0,1,0,0,0,1,685000.0
302,2142.0,3.0,2.0,4521.0,2008.0,32 Mersereau Ave,0,0,0,0,0,1,0,0,0,1,700000.0
303,1273.0,3.0,2.0,1424.0,1945.0,3501 Avenue R,0,1,0,0,0,0,0,0,0,1,780000.0
304,1064.0,3.0,1.5,1800.0,1925.0,1715 E 36th St,0,1,0,0,0,0,0,0,0,1,630000.0
305,1490.0,3.0,2.5,3125.0,1985.0,446 Clifton Ave,0,0,0,0,0,1,0,0,0,1,580000.0
306,1991.0,4.0,2.5,4000.0,1970.0,19 Trent St,0,0,0,0,0,1,0,0,0,1,670000.0
307,2220.0,5.0,4.5,5000.0,2003.0,621 Rockaway St,0,0,0,0,0,1,0,0,0,1,1260000.0
308,2808.0,4.0,2.5,3150.0,1986.0,27 Blythe Pl,0,0,0,0,0,1,0,0,0,1,510000.0
309,2280.0,7.0,4.0,2614.0,1930.0,570 Chester St,0,1,0,0,0,0,0,0,1,0,948000.0
310,1650.0,4.0,2.0,3920.0,1950.0,166-08 21 Rd,0,0,0,0,1,0,0,0,0,1,800000.0
311,1794.0,3.0,3.0,2700.0,1910.0,186 Hatfield Pl,0,0,0,0,0,1,0,0,0,1,470000.0
312,2044.0,4.0,4.0,3100.0,1980.0,142 Alexander Ave,0,0,0,0,0,1,0,0,0,1,675000.0
313,1370.0,4.0,2.5,2317.0,1997.0,26 Bentley Ln,0,0,0,0,0,1,0,0,0,1,649000.0
314,1492.0,4.0,3.5,2656.0,2005.0,20 Santa Monica Ln,0,0,0,0,0,1,0,0,0,1,752000.0
315,1778.0,3.0,2.5,2550.0,1999.0,62 Seguine Loop,0,0,0,0,0,1,0,0,0,1,715000.0
316,2564.0,3.0,3.0,4770.0,1970.0,19 Thurston St,0,0,0,0,0,1,0,0,0,1,910000.0
317,2072.0,3.0,3.0,4096.0,1982.0,62 Lewiston St,0,0,0,0,0,1,0,0,0,1,805000.0
318,850.0,3.0,1.0,1880.0,1935.0,940 Olympia Blvd,0,0,0,0,0,1,0,0,0,1,363000.0
319,1956.0,3.0,2.5,1759.0,1930.0,223 Dahlgren Pl,0,1,0,0,0,0,0,0,0,1,830000.0
320,2100.0,5.0,3.0,2500.0,1930.0,2222 E 24th St,0,1,0,0,0,0,0,0,1,0,1285000.0
321,1984.0,4.0,2.5,5000.0,1970.0,64 Uxbridge St,0,0,0,0,0,1,0,0,0,1,703000.0
322,1500.0,3.0,5.0,2300.0,2006.0,2445 E 69th St,0,1,0,0,0,0,0,0,0,1,735000.0
323,1480.0,3.0,2.5,2305.0,1986.0,112 Arrowood Ct,0,0,0,0,0,1,1,0,0,0,432000.0
324,1300.0,3.0,1.5,2000.0,1925.0,1358 E 65th St,0,1,0,0,0,0,0,0,0,1,652000.0
325,750.0,1.0,1.0,2200.0,1925.0,810 Church Rd,0,0,0,1,0,0,0,0,0,1,281000.0
326,2500.0,5.0,3.0,2000.0,1970.0,1933 Stillwell Ave,0,1,0,0,0,0,0,0,1,0,1350000.0
327,1890.0,3.0,2.5,1584.0,1977.0,246 Grasmere Dr,0,0,0,0,0,1,0,0,0,1,558000.0
328,1188.0,3.0,1.0,1742.0,1950.0,166-64 22 Ave,0,0,0,0,1,0,0,0,0,1,725000.0
329,1328.0,4.0,2.5,2614.0,1920.0,99-06 158th Ave,0,0,0,1,0,0,0,0,0,1,680000.0
330,3511.0,5.0,4.5,5108.0,2015.0,15 Starr Ave,0,0,0,0,0,1,0,0,0,1,1050000.0
331,2700.0,4.0,2.5,5480.0,1970.0,39 Fern Ave,0,0,0,0,0,1,0,0,0,1,880000.0
332,2256.0,3.0,2.5,3800.0,1980.0,27 Sharon Ln,0,0,0,0,0,1,0,0,0,1,885000.0
333,2327.0,3.0,2.5,4326.0,1970.0,157 Paulding Ave,0,0,0,0,0,1,0,0,0,1,830000.0
334,1925.0,3.0,3.5,5500.0,1970.0,124 9th St,0,0,0,0,0,1,0,0,0,1,862000.0
335,1304.0,3.0,1.5,1360.0,1965.0,135 Roman Ave,0,0,0,0,0,1,0,0,0,1,635000.0
336,1176.0,3.0,1.5,2400.0,1997.0,163 Oakdale St,0,0,0,0,0,1,0,0,0,1,630000.0
337,1440.0,3.0,2.0,2400.0,1997.0,22 Winston St,0,0,0,0,0,1,0,0,0,1,579988.0
338,1632.0,4.0,2.5,2000.0,1920.0,1506 Albany Ave,0,1,0,0,0,0,0,0,0,1,720000.0
339,1200.0,3.0,2.0,7020.0,1955.0,4176 Richmond Ave,0,0,0,0,0,1,0,0,0,1,600000.0
340,952.0,3.0,1.0,1300.0,1920.0,4 Chestnut St,0,0,0,0,0,1,0,0,0,1,364000.0
341,1440.0,3.0,1.5,2100.0,1984.0,55 Ironwood St,0,0,0,0,0,1,0,0,0,1,540000.0
342,1404.0,4.0,3.0,4650.0,1965.0,96 Linwood Ave,0,0,0,0,0,1,0,0,0,1,740000.0
343,1938.0,5.0,3.0,1783.0,1940.0,1408 Troy Ave,0,1,0,0,0,0,0,0,1,0,775000.0
344,1216.0,3.0,2.0,2000.0,1940.0,132-29 83rd St,0,0,0,1,0,0,0,0,0,1,630000.0
345,1984.0,4.0,2.5,4050.0,1982.0,353 Great Kills Rd,0,0,0,0,0,1,0,0,0,1,760000.0
346,1144.0,3.0,2.0,40075.236800000006,1960.0,14 McLaughlin St,0,0,0,0,0,1,0,0,0,1,650000.0
347,780.0,3.0,1.0,2000.0,1925.0,192 Kiswick St,0,0,0,0,0,1,0,0,0,1,350000.0
348,1800.0,3.0,2.0,3600.0,1987.0,2966 Gerritsen Ave,0,1,0,0,0,0,0,0,1,0,720000.0
349,1452.0,2.0,1.0,5300.0,1945.0,91 Tuckahoe Ave,0,0,0,0,0,1,0,0,0,1,525000.0
350,864.0,3.0,2.0,4000.0,1950.0,144 Jefferson Ave,0,0,0,0,0,1,0,0,0,1,550000.0
351,1350.0,3.0,2.5,1848.0,1997.0,21 Bentley Ln,0,0,0,0,0,1,0,0,0,1,610000.0
352,1645.0,3.0,2.5,1500.0,2020.0,75 Rome Ave,0,0,0,0,0,1,0,0,0,1,625000.0
353,1600.0,4.0,2.0,2000.0,1925.0,944 E 28th St,0,1,0,0,0,0,0,0,0,1,775000.0
354,1380.0,3.0,1.5,2300.0,1965.0,122 Maybury Ave,0,0,0,0,0,1,0,0,0,1,595000.0
355,1360.0,3.0,2.0,2808.0,1985.0,434 Clifton Ave,0,0,0,0,0,1,0,0,0,1,485000.0
356,1153.0,3.0,2.0,3920.0,1950.0,136-13 243rd St,0,0,0,1,0,0,0,0,0,1,600000.0
357,2244.0,5.0,3.5,3920.0,2009.0,147-24 21st Ave,0,0,0,1,0,0,0,0,1,0,1370000.0
358,1428.0,3.0,2.5,2614.0,1920.0,61-51 56th Dr,0,0,0,1,0,0,0,0,1,0,915000.0
359,1552.0,3.0,2.0,3049.0,1920.0,219-28 138th Rd,0,0,0,0,1,0,0,0,0,1,580000.0
360,1435.0,3.0,1.5,2880.0,2017.0,23 Neutral Ave,0,0,0,0,0,1,0,0,0,1,560000.0
361,2390.0,3.0,1.5,2475.0,1985.0,658 Travis Ave,0,0,0,0,0,1,0,0,0,1,768000.0
362,1600.0,3.0,2.5,2509.0,1997.0,296 Candon Ave,0,0,0,0,0,1,0,0,0,1,665000.0
363,1292.0,3.0,4.5,1620.0,1986.0,51 Locust Ct,0,0,0,0,0,1,0,0,0,1,505000.0
364,1800.0,3.0,3.5,2516.0,1990.0,1212 S Railroad Ave,0,0,0,0,0,1,0,0,0,1,660000.0
365,1400.0,3.0,1.5,1230.0,1993.0,21 Deborah Loop,0,0,0,0,0,1,1,0,0,0,490000.0
366,1940.0,3.0,2.5,2800.0,1995.0,44 Notus Ave,0,0,0,0,0,1,1,0,0,0,620000.0
367,2839.0,4.0,4.0,2298.0,1984.0,24 Cottonwood Ct,0,0,0,0,0,1,0,0,0,1,680000.0
368,1440.0,3.0,1.5,2400.0,1930.0,1831 E 38th St,0,1,0,0,0,0,0,0,0,1,785000.0
369,1600.0,3.0,1.5,3741.0,1980.0,908 Stafford Ave,0,0,0,0,0,1,0,0,0,1,760000.0
370,1524.0,3.0,2.0,1600.0,1935.0,2616 Avenue V,0,1,0,0,0,0,0,0,0,1,782000.0
371,1500.0,3.0,2.0,1242.0,1991.0,222 Norway Ave,0,0,0,0,0,1,1,0,0,0,635000.0
372,2230.0,4.0,2.0,3870.0,1970.0,264 Getz Ave,0,0,0,0,0,1,0,0,0,1,690000.0
373,1383.0,2.0,2.0,1050.0,1992.0,24 Crown Ct,0,0,0,0,0,1,1,0,0,0,470000.0
374,840.0,1.0,1.0,4000.0,1925.0,9-11 Hempstead Ave,0,0,0,0,0,1,0,0,0,1,455000.0
375,1610.0,3.0,1.5,3500.0,1929.0,1007 Forest Ave,0,0,0,0,0,1,0,0,0,1,552000.0
376,1683.0,3.0,2.0,1742.0,1955.0,150-45 77th Ave,0,0,0,0,1,0,0,0,0,1,795000.0
377,1626.0,2.0,1.5,640.0,1990.0,2008 Arthur Kill Rd,0,0,0,0,0,1,1,0,0,0,360000.0
378,1400.0,3.0,1.0,5000.0,1915.0,88 Locust Ave,0,0,0,0,0,1,0,0,0,1,610000.0
379,1888.0,4.0,4.0,5035.0,1957.0,399 Beach Rd,0,0,0,0,0,1,0,0,0,1,840000.0
380,3129.0,5.0,2.0,80150.47360000001,1925.0,175 Nixon Ave,0,0,0,0,0,1,0,0,0,1,970000.0
381,2112.0,3.0,3.5,3500.0,1989.0,59 Speedwell Ave,0,0,0,0,0,1,0,0,0,1,720000.0
382,2279.0,3.0,3.0,3800.0,2020.0,404 Ashland Ave,0,0,0,0,0,1,0,0,0,1,975000.0
383,1750.0,3.0,3.5,2400.0,1998.0,12 Seth Loop,0,0,0,0,0,1,0,0,0,1,688000.0
384,2812.0,6.0,3.0,2000.0,1965.0,2510 W 2nd St,0,1,0,0,0,0,0,0,1,0,1265000.0
385,4554.0,4.0,3.5,10454.4096,1986.0,726 Correll Ave,0,0,0,0,0,1,0,0,0,1,1200000.0
386,3120.0,6.0,5.0,2000.0,1910.0,1135 74th St,0,1,0,0,0,0,0,0,1,0,1430000.0
387,1728.0,3.0,3.5,3437.0,2007.0,252 Maryland Ave,0,0,0,0,0,1,0,0,0,1,750000.0
388,2288.0,3.0,3.5,7224.0,1975.0,953 Willowbrook Rd,0,0,0,0,0,1,0,0,0,1,1045000.0
389,1408.0,3.0,2.0,2277.0,1978.0,245 Colon Ave,0,0,0,0,0,1,0,0,0,1,593000.0
390,2250.0,4.0,3.5,4750.0,1945.0,80 7th St,0,0,0,0,0,1,0,0,0,1,980000.0
391,1624.0,3.0,1.5,2100.0,1960.0,2665 Mill Ave,0,1,0,0,0,0,0,0,0,1,615000.0
392,1280.0,3.0,2.0,2875.0,1984.0,2713 W 36th St,0,1,0,0,0,0,0,0,0,1,550000.0
393,1576.0,3.0,2.5,4900.0,1925.0,2113 Victory Blvd,0,0,0,0,0,1,0,0,0,1,600000.0
394,2392.0,5.0,3.0,4800.0,1970.0,419 Richmond Hill Rd,0,0,0,0,0,1,0,0,0,1,775000.0
395,1008.0,3.0,1.0,2500.0,1915.0,51 Lexington Ave,0,0,0,0,0,1,0,0,0,1,530000.0
396,1760.0,5.0,2.0,4757.0,1930.0,185 Escanaba Ave,0,0,0,0,0,1,0,0,0,1,785000.0
397,840.0,1.0,1.5,840.0,1978.0,1810 Forest Hill Rd,0,0,0,0,0,1,1,0,0,0,328.0
398,1525.0,3.0,1.5,572.0,1978.0,521 Willow Rd E,0,0,0,0,0,1,0,0,0,1,450000.0
399,1936.0,2.0,2.0,968.0,1998.0,52 Jennifer Pl,0,0,0,0,0,1,0,0,0,1,459000.0
400,1292.0,3.0,2.0,2230.0,1990.0,21 Crittenden Pl,0,0,0,0,0,1,0,0,0,1,470000.0
401,1344.0,4.0,2.5,1975.0,1925.0,917 E 31st St,0,1,0,0,0,0,0,0,0,1,760000.0
402,1600.0,3.0,2.0,2300.0,1925.0,1782 Schenectady Ave,0,1,0,0,0,0,0,0,0,1,709000.0
403,2440.0,6.0,4.0,2667.0,1920.0,1223 78th St,0,1,0,0,0,0,0,0,1,0,1550000.0
404,1638.0,3.0,2.0,2200.0,1935.0,1454 83rd St,0,1,0,0,0,0,0,0,1,0,980000.0
405,1720.0,3.0,2.5,1740.0,2019.0,928 Richmond Rd,0,0,0,0,0,1,1,0,0,0,642500.0
406,2785.0,6.0,2.5,4356.0,1920.0,8041 90th Rd,0,0,0,1,0,0,0,0,1,0,675000.0
407,1207.0,3.0,2.5,2178.0,1920.0,73-46 71st Pl,0,0,0,0,1,0,0,0,0,1,685000.0
408,1225.0,3.0,4.5,2095.0,2020.0,551 Hunter Ave,0,0,0,0,0,1,0,0,0,1,535000.0
409,675.0,2.0,1.0,4059.0,1925.0,14 Presley St,0,0,0,0,0,1,0,0,0,1,360000.0
410,2900.0,5.0,4.5,4000.0,2016.0,251 Detroit Ave,0,0,0,0,0,1,0,0,0,1,1100000.0
411,3250.0,3.0,3.0,16552.8152,1960.0,90 Sunrise Ter,0,0,0,0,0,1,0,0,0,1,1150000.0
412,1858.0,3.0,3.5,4545.0,1901.0,355 Craig Ave,0,0,0,0,0,1,0,0,0,1,735000.0
413,1650.0,3.0,3.0,2600.0,1932.0,468 Jewett Ave,0,0,0,0,0,1,0,0,0,1,550000.0
414,2184.0,4.0,3.5,4324.0,2014.0,158 Muller Ave,0,0,0,0,0,1,0,0,0,1,1125000.0
415,1326.0,2.0,1.5,3139.0,1910.0,14 Cottage Pl,0,0,0,0,0,1,0,0,0,1,550000.0
416,2047.0,3.0,3.0,2000.0,1940.0,2205 E 26th St,0,1,0,0,0,0,0,0,0,1,905000.0
417,1787.0,5.0,3.0,6600.0,1960.0,68 Gansevoort Blvd,0,0,0,0,0,1,0,0,0,1,885000.0
418,2160.0,3.0,1.5,1728.0,1997.0,44 Galvaston Loop,0,0,0,0,0,1,1,0,0,0,710000.0
419,2584.0,3.0,2.5,6800.0,1960.0,312 Tysens Ln,0,0,0,0,0,1,0,0,0,1,855000.0
420,1188.0,3.0,2.5,2114.0,1940.0,8915 16th Ave,0,1,0,0,0,0,0,0,0,1,910000.0
421,1800.0,3.0,2.5,2200.0,1986.0,28 Bosworth St,0,0,0,0,0,1,0,0,0,1,623000.0
422,1092.0,3.0,2.0,6000.0,1950.0,230 Bryson Ave,0,0,0,0,0,1,0,0,0,1,680000.0
423,1400.0,4.0,1.5,4000.0,1963.0,100 Delaware St,0,0,0,0,0,1,0,0,0,1,747500.0
424,2080.0,3.0,1.5,4254.0,1940.0,47 Thomas St,0,0,0,0,0,1,0,0,0,1,837000.0
425,1536.0,3.0,2.5,2400.0,1975.0,42 Rowan Ave,0,0,0,0,0,1,0,0,0,1,570000.0
426,984.0,3.0,2.5,1023.0,1992.0,49 Greenfield Ct,0,0,0,0,0,1,0,0,0,1,484000.0
427,2736.0,8.0,3.0,1900.0,1920.0,242 Covert St,0,1,0,0,0,0,0,0,1,0,940000.0
428,1944.0,4.0,2.5,4100.0,1969.0,175 Cedar Ave,0,0,0,0,0,1,0,0,0,1,466000.0
429,2000.0,3.0,1.5,1840.0,1972.0,36 Chestnut Cir,0,0,0,0,0,1,1,0,0,0,500000.0
430,1672.0,3.0,2.5,1992.0,1965.0,2637 E 63rd St,0,1,0,0,0,0,0,0,0,1,825000.0
431,1782.0,3.0,2.5,1800.0,1940.0,60-45 69 Pl,0,0,0,1,0,0,0,0,0,1,815000.0
432,1500.0,3.0,1.0,2500.0,2003.0,509 Gansevoort Blvd,0,0,0,0,0,1,0,0,0,1,660000.0
433,1546.0,2.0,1.0,2000.0,1955.0,21-09 73rd St,0,0,0,1,0,0,0,0,0,1,915000.0
434,1274.0,3.0,1.5,1750.0,1925.0,1073 E 26th St,0,1,0,0,0,0,0,0,0,1,500000.0
435,1600.0,5.0,2.0,1376.0,1930.0,1424 76th St,0,1,0,0,0,0,0,0,1,0,835000.0
436,1616.0,4.0,1.5,2614.0,1926.0,68-46 Manse St,0,0,0,0,1,0,0,0,0,1,840000.0
437,1637.0,4.0,3.0,4792.0,1955.0,246-19 54th Ave,0,0,0,0,1,0,0,0,0,1,930000.0
438,1112.0,4.0,3.0,2614.0,1930.0,117-48 140th St,0,0,0,0,1,0,0,0,0,1,615000.0
439,2491.0,3.0,2.5,4657.0,2013.0,24 Persimmon Ln,0,0,0,0,0,1,0,0,0,1,770000.0
440,2400.0,4.0,3.5,3800.0,2001.0,1064 Sinclair Ave,0,0,0,0,0,1,0,0,0,1,909000.0
441,1880.0,4.0,2.0,2800.0,1975.0,89 E Macon Ave,0,0,0,0,0,1,0,0,0,1,642000.0
442,2214.0,3.0,1.5,4400.0,1970.0,39 Pilcher St,0,0,0,0,0,1,0,0,0,1,840000.0
443,1576.0,3.0,2.5,3049.0,1930.0,10440 200th St,0,0,0,1,0,0,0,0,0,1,618000.0
444,1925.0,4.0,2.0,3600.0,1965.0,85 Lyndale Ave,0,0,0,0,0,1,0,0,0,1,690000.0
445,2301.0,4.0,2.5,2500.0,1999.0,73 Seguine Loop,0,0,0,0,0,1,0,0,0,1,638000.0
446,944.0,2.0,2.0,2610.0,1991.0,38 Stone Crest Ct,0,0,0,0,0,1,0,0,0,1,425000.0
447,1600.0,3.0,2.5,2565.0,2002.0,1065 Sheldon Ave,0,0,0,0,0,1,0,0,0,1,683300.0
448,1740.0,3.0,1.5,2295.0,1978.0,344 Bartlett Ave,0,0,0,0,0,1,0,0,0,1,650000.0
449,1040.0,2.0,1.5,2300.0,1990.0,223 Roma Ave,0,0,0,0,0,1,1,0,0,0,435000.0
450,3168.0,6.0,3.0,2552.0,1945.0,8805 26th Ave,0,1,0,0,0,0,0,0,1,0,1230000.0
451,1258.0,3.0,2.5,2100.0,2020.0,204 Cuba Ave,0,0,0,0,0,1,0,0,0,1,648000.0
452,4550.0,4.0,3.5,11325.6104,1984.0,1336 Woodrow Rd,0,0,0,0,0,1,0,0,0,1,970000.0
453,2372.0,4.0,2.5,2500.0,1984.0,449 Fanning St,0,0,0,0,0,1,0,0,0,1,685000.0
454,3100.0,5.0,5.0,10018.809200000002,1999.0,42 Sherwood Ave,0,0,0,0,0,1,0,0,0,1,950000.0
455,2700.0,5.0,3.5,7800.0,1988.0,162 Portage Ave,0,0,0,0,0,1,0,0,0,1,800000.0
456,1400.0,2.0,2.0,2970.0,1920.0,60 Josephine St,0,0,0,0,0,1,0,0,0,1,519999.0
457,2112.0,3.0,2.0,3400.0,1920.0,92 Hanover Ave,0,0,0,0,0,1,0,0,0,1,697000.0
458,2097.0,4.0,1.5,5874.0,1964.0,92 Bolivar St,0,0,0,0,0,1,0,0,0,1,860000.0
459,1660.0,3.0,2.5,2113.0,1998.0,27 Forest Ave,0,0,0,0,0,1,0,0,0,1,594000.0
460,1320.0,3.0,1.5,1420.0,1960.0,736 N Railroad Ave,0,0,0,0,0,1,0,0,0,1,570000.0
461,1088.0,3.0,2.0,950.0,1925.0,2042 W 7th St,0,1,0,0,0,0,0,0,0,1,799000.0
462,1488.0,3.0,3.5,2500.0,2020.0,49 Hamilton St,0,0,0,0,0,1,0,0,0,1,560000.0
463,1057.0,3.0,1.0,3000.0,1930.0,15 Dana St,0,0,0,0,0,1,0,0,0,1,610000.0
464,2000.0,3.0,2.5,3110.0,1999.0,121 Sharrott Ave,0,0,0,0,0,1,0,0,0,1,647000.0
465,3000.0,8.0,3.0,2003.0,1910.0,327 51st St,0,1,0,0,0,0,0,0,1,0,890000.0
466,737.0,2.0,1.5,2614.0,1925.0,60-77 59th Dr,0,0,0,1,0,0,0,0,0,1,669000.0
467,1480.0,3.0,1.5,2614.0,1935.0,90-45 55th Ave,0,0,0,1,0,0,0,0,0,1,888000.0
468,983.0,2.0,1.5,1300.0,1920.0,1249 E 59th St,0,1,0,0,0,0,0,0,0,1,469500.0
469,2400.0,4.0,3.0,4433.0,1960.0,320 Whitman Dr,0,1,0,0,0,0,0,0,0,1,1375000.0
470,1680.0,3.0,2.5,2600.0,1998.0,1073 Rensselaer Ave,0,0,0,0,0,1,0,0,0,1,700000.0
471,1720.0,3.0,2.0,8910.0,1945.0,115 Wheeling Ave,0,0,0,0,0,1,0,0,0,1,720000.0
472,3993.0,5.0,4.5,5335.0,1984.0,71 Ravenna St,0,0,0,0,0,1,0,0,0,1,960000.0
473,1911.0,3.0,2.5,4100.0,1965.0,5 Ridge Ave,0,0,0,0,0,1,0,0,0,1,760000.0
474,1248.0,3.0,2.0,3800.0,2017.0,754 Patterson Ave,0,0,0,0,0,1,0,0,0,1,550000.0
475,3000.0,3.0,2.5,3000.0,1994.0,32 Robin Ct,0,0,0,0,0,1,1,0,0,0,715000.0
476,1836.0,3.0,2.5,4000.0,1910.0,443 79th St,0,1,0,0,0,0,0,0,0,1,1425000.0
477,1080.0,2.0,2.5,1200.0,2004.0,23 Justin Ave,0,0,0,0,0,1,1,0,0,0,495000.0
478,3276.0,7.0,4.0,2608.0,1931.0,6808 21st Ave,0,1,0,0,0,0,0,0,1,0,1720000.0
479,1960.0,6.0,3.0,3000.0,1930.0,2359 63rd St,0,1,0,0,0,0,0,0,1,0,1350000.0
480,1500.0,3.0,1.5,2000.0,2020.0,363 Freeborn St,0,0,0,0,0,1,0,0,0,1,580000.0
481,1616.0,4.0,3.0,2800.0,1930.0,1626 Madison Pl,0,1,0,0,0,0,0,0,1,0,925000.0
482,2400.0,4.0,1.0,49.0,1984.0,133 Rockne St,0,0,0,0,0,1,0,0,0,1,550000.0
483,1880.0,3.0,2.5,2800.0,1978.0,210 Woodrow Rd,0,0,0,0,0,1,0,0,0,1,639000.0
484,1350.0,3.0,1.5,1500.0,1986.0,10 Cherrywood Ct,0,0,0,0,0,1,1,0,0,0,470000.0
485,2220.0,4.0,2.0,4280.0,1965.0,28 Holgate St,0,0,0,0,0,1,0,0,0,1,770000.0
486,1380.0,3.0,1.5,1400.0,1996.0,531 Lynn St,0,0,0,0,0,1,1,0,0,0,500000.0
487,1900.0,3.0,2.0,2000.0,1925.0,2921 Fillmore Ave,0,1,0,0,0,0,0,0,0,1,730000.0
488,1196.0,3.0,2.0,5690.0,1955.0,233 Little Clove Rd,0,0,0,0,0,1,0,0,0,1,608000.0
489,784.0,2.0,1.5,1035.0,1996.0,41 Greenfield Ct,0,0,0,0,0,1,1,0,0,0,420000.0
490,1230.0,3.0,2.0,2000.0,1925.0,1651 E 48th St,0,1,0,0,0,0,0,0,0,1,752000.0
491,3756.0,5.0,4.0,2523.0,1901.0,130-134 Watchogue Rd,0,0,0,0,0,1,0,0,1,0,900000.0
492,1302.0,3.0,2.5,3690.0,1910.0,134 Greenfield Ave,0,0,0,0,0,1,0,0,0,1,538000.0
493,1666.0,5.0,2.5,1666.0,1910.0,3907 7th Ave,0,1,0,0,0,0,0,0,1,0,1060000.0
494,1187.0,2.0,1.5,1471.0,1986.0,64 Seguine Pl,0,0,0,0,0,1,1,0,0,0,415000.0
495,1184.0,2.0,1.0,2531.0,1899.0,805 Van Duzer St,0,0,0,0,0,1,0,0,0,1,200000.0
496,1292.0,3.0,3.0,1742.0,1905.0,90-08 86th Rd,0,0,0,1,0,0,0,0,0,1,632000.0
497,950.0,3.0,2.5,1120.0,2002.0,43 Studio Ln,0,0,0,0,0,1,0,0,0,1,450000.0
498,1646.0,3.0,3.5,2774.0,1998.0,57 Belfast Ave,0,0,0,0,0,1,0,0,0,1,700000.0
499,1960.0,3.0,1.5,3306.0,1997.0,469 Harold Ave,0,0,0,0,0,1,0,0,0,1,820000.0
500,2464.0,4.0,3.0,4000.0,1960.0,2542 E 65th St,0,1,0,0,0,0,0,0,0,1,1115000.0
501,1260.0,2.0,2.0,2500.0,1925.0,93 Sanford Pl,0,0,0,0,0,1,0,0,0,1,585000.0
502,2216.0,3.0,2.5,2500.0,1986.0,33 Corona Ave,0,0,0,0,0,1,0,0,0,1,635000.0
503,1861.0,5.0,3.0,3882.0,1999.0,1304 Richmond Ave,0,0,0,0,0,1,0,0,0,1,720000.0
504,2224.0,3.0,2.5,1152.0,1999.0,52 Forest Ln,0,0,0,0,0,1,1,0,0,0,499000.0
505,2340.0,5.0,2.5,2000.0,1935.0,2046 E 34th St,0,1,0,0,0,0,0,0,1,0,910000.0
506,1275.0,2.0,2.0,2820.0,1930.0,41 Wild Ave,0,0,0,0,0,1,0,0,0,1,505000.0
507,1252.0,3.0,1.0,2800.0,1925.0,11 Hawthorne Ave,0,0,0,0,0,1,0,0,0,1,525000.0
508,2817.0,4.0,3.0,5000.0,1970.0,177 Lamoka Ave,0,0,0,0,0,1,0,0,0,1,850000.0
509,839.0,2.0,1.0,2100.0,1920.0,12 Presley St,0,0,0,0,0,1,0,0,0,1,423000.0
510,1364.0,3.0,1.5,946.0,1988.0,18A Fuller Ct,0,0,0,0,0,1,1,0,0,0,485000.0
511,1800.0,3.0,1.5,2408.0,1920.0,43 Lockman Ave,0,0,0,0,0,1,0,0,0,1,522000.0
512,3016.0,3.0,3.0,4200.0,1975.0,248 Kelly Blvd,0,0,0,0,0,1,0,0,0,1,930000.0
513,2267.0,3.0,2.5,2500.0,2004.0,150 Fairfield St,0,0,0,0,0,1,0,0,0,1,724000.0
514,2196.0,3.0,2.5,1778.0,1945.0,129 Bay 7 St,0,1,0,0,0,0,0,0,0,1,998000.0
515,1320.0,3.0,1.5,1708.0,1950.0,8843 18th Ave,0,1,0,0,0,0,0,0,0,1,1080000.0
516,1320.0,3.0,1.5,1708.0,1950.0,8843 18th Ave,0,1,0,0,0,0,0,0,0,1,1080000.0
517,1248.0,3.0,1.5,2150.0,1920.0,1465 E 56th St,0,1,0,0,0,0,0,0,0,1,608000.0
518,1320.0,3.0,1.5,2808.0,1955.0,1361 E 89th St,0,1,0,0,0,0,0,0,0,1,490000.0
519,2142.0,5.0,2.0,6000.0,1930.0,11302 Hannibal St,0,0,0,1,0,0,0,0,0,1,560000.0
520,1400.0,4.0,1.0,4000.0,1905.0,141 Highview Ave,0,0,0,0,0,1,0,0,0,1,439500.0
521,1060.0,2.0,1.5,1020.0,1994.0,66 Ashley Ln,0,0,0,0,0,1,0,0,0,1,480000.0
522,1498.0,4.0,1.5,2000.0,1920.0,1852 78th St,0,1,0,0,0,0,0,0,0,1,887000.0
523,736.0,2.0,2.0,2700.0,1925.0,254 Jacques Ave,0,0,0,0,0,1,0,0,0,1,375000.0
524,1980.0,2.0,2.0,3104.0,1920.0,194 Chandler Ave,0,0,0,0,0,1,0,0,0,1,700000.0
525,1508.0,3.0,3.0,4205.0,1920.0,53 Lynhurst Ave,0,0,0,0,0,1,0,0,0,1,624000.0
526,2268.0,6.0,2.5,3920.0,1970.0,212-52 Whitehall Ter,0,0,0,1,0,0,0,0,0,1,920000.0
527,1216.0,3.0,2.5,1742.0,1920.0,147-37 Coolidge Ave,0,0,0,0,1,0,0,0,0,1,720000.0
528,1224.0,3.0,2.0,1742.0,1950.0,21-42 81st St,0,0,0,1,0,0,0,0,0,1,815000.0
529,1280.0,3.0,2.5,2614.0,1920.0,107-12 135th St,0,0,0,1,0,0,0,0,0,1,637000.0
530,2100.0,3.0,1.5,7680.0,1985.0,184 Chelsea St,0,0,0,0,0,1,0,0,0,1,775000.0
531,2288.0,5.0,5.0,3100.0,1975.0,78 Shale St,0,0,0,0,0,1,0,0,0,1,838000.0
532,4242.0,4.0,4.5,5000.0,2020.0,390 Yetman Ave,0,0,0,0,0,1,0,0,0,1,1155000.0
533,2199.0,3.0,1.5,4000.0,1975.0,139 Getz Ave,0,0,0,0,0,1,0,0,0,1,800000.0
534,1440.0,3.0,2.5,2500.0,1987.0,1096 Rensselaer Ave,0,0,0,0,0,1,0,0,0,1,675000.0
535,2540.0,4.0,3.5,4107.0,1997.0,859 Rossville Ave,0,0,0,0,0,1,0,0,0,1,720000.0
536,2220.0,4.0,3.5,5637.0,2020.0,35 Howe St,0,0,0,0,0,1,0,0,0,1,868000.0
537,2110.0,3.0,1.5,3540.0,1960.0,50 Linton Pl,0,0,0,0,0,1,0,0,0,1,655000.0
538,1148.0,3.0,2.0,3000.0,1920.0,1726 E 52nd St,0,1,0,0,0,0,0,0,0,1,640000.0
539,1200.0,3.0,2.5,3052.0,2000.0,35 Arkansas Ave,0,0,0,0,0,1,0,0,0,1,660800.0
540,1612.0,4.0,1.5,4000.0,1970.0,949 Stafford Ave,0,0,0,0,0,1,0,0,0,1,730000.0
541,1700.0,3.0,2.0,2200.0,1930.0,4576 Bedford Ave,0,1,0,0,0,0,0,0,0,1,789000.0
542,1971.0,3.0,1.5,1817.0,1955.0,2005 Gerritsen Ave,0,1,0,0,0,0,0,0,0,1,803000.0
543,1185.0,3.0,1.5,4200.0,1985.0,419 Main St,0,0,0,0,0,1,0,0,0,1,745000.0
544,2496.0,3.0,3.0,4000.0,1980.0,334 Doane Ave,0,0,0,0,0,1,0,0,0,1,869000.0
545,1360.0,4.0,2.0,1855.0,1930.0,1969 E 29th St,0,1,0,0,0,0,0,0,0,1,835000.0
546,3400.0,4.0,4.5,4700.0,2007.0,228 Melvin Ave,0,0,0,0,0,1,0,0,0,1,959000.0
547,1036.0,3.0,1.0,1800.0,1925.0,1949 E 37th St,0,1,0,0,0,0,0,0,0,1,598000.0
548,1200.0,3.0,1.5,3534.0,1998.0,758 Bloomingdale Rd,0,0,0,0,0,1,0,0,0,1,599000.0
549,3296.0,6.0,6.0,3050.0,1980.0,45 Monitor St,0,1,0,0,0,0,0,0,0,1,1695000.0
550,1008.0,2.0,1.5,1800.0,1925.0,1872 E 36th St,0,1,0,0,0,0,0,0,0,1,620000.0
551,1200.0,3.0,2.5,2700.0,1970.0,415 Montreal Ave,0,0,0,0,0,1,0,0,0,1,555000.0
552,1500.0,3.0,3.5,3102.0,2018.0,27 Apricot Ct,0,0,0,0,0,1,0,0,0,1,660000.0
553,936.0,2.0,1.5,1701.0,1975.0,81 Armstrong Ave,0,0,0,0,0,1,0,0,0,1,468000.0
554,1690.0,3.0,2.0,1746.0,1950.0,1122 E 221st St,1,0,0,0,0,0,0,0,0,1,530000.0
555,2268.0,3.0,3.5,4940.0,1905.0,129 Highview Ave,0,0,0,0,0,1,0,0,0,1,530000.0
556,1620.0,2.0,2.0,1296.0,1940.0,219 Ryder Ave,0,1,0,0,0,0,0,0,0,1,750000.0
557,840.0,1.0,1.5,840.0,1981.0,77 Rumson Rd,0,0,0,0,0,1,1,0,0,0,325000.0
558,1232.0,2.0,1.5,1300.0,1990.0,1971 S Railroad Ave,0,0,0,0,0,1,1,0,0,0,490000.0
559,1492.0,7.0,3.5,2324.0,2005.0,56 Santa Monica Ln,0,0,0,0,0,1,0,0,0,1,630000.0
560,1890.0,3.0,2.5,2725.0,2006.0,26 White St,0,0,0,0,0,1,0,0,0,1,670000.0
561,560.0,3.0,2.5,2000.0,1925.0,956 E 95th St,0,1,0,0,0,0,0,0,0,1,595000.0
562,1700.0,5.0,2.0,1800.0,1925.0,1675 Bay Ridge Pkwy,0,1,0,0,0,0,0,0,1,0,998000.0
563,1620.0,3.0,2.5,2000.0,1930.0,7902 14th Ave,0,1,0,0,0,0,0,0,0,1,1180000.0
564,2220.0,5.0,3.0,4000.0,1965.0,125 Barlow Dr S,0,1,0,0,0,0,0,0,0,1,1170000.0
565,1204.0,3.0,2.5,2500.0,2004.0,64 Whitney Ave,0,0,0,0,0,1,0,0,0,1,670000.0
566,1320.0,3.0,2.5,6850.0,1905.0,31 Layton Ave,0,0,0,0,0,1,0,0,0,1,499000.0
567,1200.0,3.0,1.0,5800.0,1955.0,17 Shirley Ave,0,0,0,0,0,1,0,0,0,1,552000.0
568,1946.0,5.0,3.0,2900.0,1925.0,525 Cary Ave,0,0,0,0,0,1,0,0,0,1,420000.0
569,1560.0,3.0,2.0,3822.0,1930.0,5 Washington Pl,0,0,0,0,0,1,0,0,0,1,400000.0
570,1834.0,3.0,2.0,3920.0,1940.0,29-23 171 St,0,0,0,1,0,0,0,0,0,1,1105000.0
571,2411.0,6.0,5.0,4050.0,2020.0,315 Bartlett Ave,0,0,0,0,0,1,0,0,0,1,999999.0
572,1181.0,4.0,1.5,6534.0,1915.0,154-46 10 Ave,0,0,0,1,0,0,0,0,0,1,970000.0
573,1800.0,7.0,2.0,2178.0,1925.0,111-09 106th St,0,0,0,0,1,0,0,0,1,0,849000.0
574,1300.0,3.0,1.5,4792.0,1925.0,61 South Ave,0,0,0,0,0,1,0,0,0,1,490000.0
575,950.0,2.0,2.0,2178.0,1940.0,199-21 24th Rd,0,0,0,0,1,0,0,0,0,1,755500.0
576,950.0,2.0,2.0,2178.0,1940.0,199-21 24th Rd,0,0,0,0,1,0,0,0,0,1,755500.0
577,2245.0,4.0,2.0,4000.0,1970.0,5 Brandis Ave,0,0,0,0,0,1,0,0,0,1,715000.0
578,1568.0,3.0,2.5,2000.0,1935.0,1641 E 31st St,0,1,0,0,0,0,0,0,0,1,859000.0
579,1308.0,3.0,2.5,3928.0,2004.0,51 Ridgeway Ave,0,0,0,0,0,1,0,0,0,1,625000.0
580,1804.0,4.0,2.5,2100.0,2014.0,158 Moreland St,0,0,0,0,0,1,0,0,0,1,730000.0
581,2000.0,3.0,3.0,5880.0,1999.0,199 Wood Ave,0,0,0,0,0,1,0,0,0,1,755000.0
582,2000.0,3.0,1.5,3360.0,1925.0,485 College Ave,0,0,0,0,0,1,0,0,0,1,725000.0
583,2206.0,3.0,2.5,1854.0,1992.0,114 Pembrook Loop,0,0,0,0,0,1,1,0,0,0,600000.0
584,1700.0,3.0,2.5,7020.0,2010.0,79 Perona Ln,0,0,0,0,0,1,1,0,0,0,675000.0
585,1332.0,3.0,2.5,2842.0,1975.0,490 Wainwright Ave,0,0,0,0,0,1,0,0,0,1,645000.0
586,3285.0,7.0,3.0,1900.0,1901.0,427 64th St,0,1,0,0,0,0,0,0,1,0,1300000.0
587,504.0,0.0,1.0,504.0,1988.0,29 Winding Woods Loop,0,0,0,0,0,1,1,0,0,0,179000.0
588,1260.0,3.0,1.0,5840.0,1925.0,52 Oceanic Ave,0,0,0,0,0,1,0,0,0,1,620000.0
589,880.0,3.0,1.5,2850.0,1962.0,205 Willard Ave,0,0,0,0,0,1,0,0,0,1,520000.0
590,2160.0,3.0,2.5,4040.0,1925.0,96 Crowell Ave,0,0,0,0,0,1,0,0,0,1,846500.0
591,1576.0,3.0,2.0,4320.0,1935.0,123 Gansevoort Blvd,0,0,0,0,0,1,0,0,0,1,750000.0
592,2799.0,5.0,4.5,3807.0,2012.0,24 Sweetwater Ave,0,0,0,0,0,1,0,0,0,1,995000.0
593,8360.0,8.0,9.0,2310.0,1892.0,42 W 70th St,0,0,1,0,0,0,1,0,0,0,8000000.0
594,2430.0,3.0,3.5,2850.0,2004.0,37 Fox Hill Ter,0,0,0,0,0,1,0,0,0,1,810000.0
595,2233.0,3.0,3.5,2500.0,2000.0,20 Pitney Ave,0,0,0,0,0,1,0,0,0,1,660000.0
596,1152.0,3.0,1.5,2500.0,1965.0,144 Brookfield Ave,0,0,0,0,0,1,0,0,0,1,565000.0
597,2484.0,5.0,5.0,1800.0,1965.0,2605 E 63rd St,0,1,0,0,0,0,0,0,1,0,967500.0
598,1449.0,3.0,2.0,1450.0,1930.0,26 Targee St,0,0,0,0,0,1,0,0,0,1,400000.0
599,1600.0,3.0,2.5,2000.0,1989.0,597 Greeley Ave,0,0,0,0,0,1,1,0,0,0,530000.0
600,975.0,3.0,1.0,2465.0,1986.0,41 Ackerman St,0,0,0,0,0,1,0,0,0,1,460000.0
601,1776.0,4.0,4.0,3425.0,2003.0,7120 Bergen Ct,0,1,0,0,0,0,0,0,1,0,960000.0
602,2365.0,2.0,1.5,2539.0,2007.0,24 Chart Loop,0,0,0,0,0,1,0,0,0,1,680000.0
603,1400.0,3.0,2.0,3100.0,1910.0,230 Charles Ave,0,0,0,0,0,1,0,0,0,1,515000.0
604,1400.0,3.0,2.0,3100.0,1910.0,230 Charles Ave,0,0,0,0,0,1,0,0,0,1,515000.0
605,2200.0,4.0,2.0,2825.0,1925.0,121 Osgood Ave,0,0,0,0,0,1,0,0,0,1,250000.0
606,1350.0,3.0,1.5,4792.0,1950.0,198-14 51 Ave,0,0,0,0,1,0,0,0,0,1,920000.0
607,1224.0,4.0,3.0,3920.0,1965.0,138-09 15th Ave,0,0,0,1,0,0,0,0,0,1,998000.0
608,2400.0,5.0,3.5,3049.0,2001.0,42-11 194th St,0,0,0,0,1,0,0,0,1,0,1335000.0
609,1471.0,3.0,2.0,1742.0,1920.0,6919 69th Pl,0,0,0,0,1,0,0,0,0,1,721000.0
610,1553.0,4.0,3.5,560.0,1996.0,198 Ilyssa Way,0,0,0,0,0,1,0,0,0,1,468888.0
611,2107.0,3.0,2.5,2900.0,1985.0,78 Boyce Ave,0,0,0,0,0,1,0,0,0,1,662000.0
612,1963.0,4.0,3.0,4040.0,1940.0,89 Cuba Ave,0,0,0,0,0,1,0,0,0,1,925000.0
613,2400.0,3.0,3.5,4275.0,2006.0,848 Ionia Ave,0,0,0,0,0,1,0,0,0,1,985000.0
614,1976.0,3.0,2.5,2000.0,1977.0,60 Claradon Ln,0,0,0,0,0,1,1,0,0,0,613000.0
615,2480.0,5.0,2.5,1940.0,1935.0,8101 11th Ave,0,1,0,0,0,0,0,0,1,0,1500000.0
616,2392.0,6.0,3.0,4200.0,1960.0,200 Reno Ave,0,0,0,0,0,1,0,0,0,1,870000.0
617,1464.0,3.0,2.0,5730.0,1930.0,39 Rockland Ave,0,0,0,0,0,1,0,0,0,1,720000.0
618,1820.0,3.0,2.0,5720.0,1960.0,31 Clinton Ct,0,0,0,0,0,1,0,0,0,1,575000.0
619,1964.0,6.0,3.0,2667.0,1915.0,572 E 32nd St,0,1,0,0,0,0,0,0,0,1,840000.0
620,1410.0,4.0,2.0,5000.0,1960.0,155 Abingdon Ave,0,0,0,0,0,1,0,0,0,1,790000.0
621,1248.0,3.0,1.5,2576.0,1974.0,419 Pompey Ave,0,0,0,0,0,1,0,0,0,1,523000.0
622,1408.0,3.0,1.5,2000.0,1925.0,1218 E 59th St,0,1,0,0,0,0,0,0,0,1,705000.0
623,1165.0,2.0,1.5,2000.0,1990.0,29 Arthur Ct,0,0,0,0,0,1,1,0,0,0,490000.0
624,1568.0,3.0,2.0,2017.0,1930.0,2033 E 37th St,0,1,0,0,0,0,0,0,0,1,725000.0
625,1830.0,3.0,2.5,946.0,1988.0,26 Croft Ct,0,0,0,0,0,1,1,0,0,0,572500.0
626,2496.0,5.0,3.0,5162.0,1960.0,364 8th St,0,0,0,0,0,1,0,0,0,1,940000.0
627,904.0,2.0,3.0,2333.0,1930.0,164 Avenue V,0,1,0,0,0,0,0,0,0,1,738000.0
628,1499.0,3.0,3.5,2500.0,1935.0,155 Norfolk St,0,1,0,0,0,0,0,0,0,1,1400000.0
629,2475.0,4.0,2.0,3672.0,1935.0,34 Rainbow Ave,0,0,0,0,0,1,0,0,0,1,625000.0
630,2100.0,4.0,3.5,4515.0,1970.0,68 Oliver Pl,0,0,0,0,0,1,0,0,0,1,750000.0
631,2640.0,3.0,3.0,1980.0,1925.0,2948 Richmond Ter,0,0,0,0,0,1,0,0,0,1,315000.0
632,1218.0,3.0,1.5,3000.0,2002.0,209 Maple Pkwy,0,0,0,0,0,1,0,0,0,1,480000.0
633,1564.0,4.0,2.0,3920.0,1950.0,11833 225th St,0,0,0,1,0,0,0,0,0,1,582000.0
634,2575.0,5.0,3.5,2178.0,1960.0,79-08 150th St,0,0,0,0,1,0,0,0,1,0,1160000.0
635,859.0,1.0,2.5,859.0,1998.0,8676 23rd Ave,0,1,0,0,0,0,1,0,0,0,500000.0
636,1872.0,3.0,2.0,2187.0,1910.0,336 77th St,0,1,0,0,0,0,0,0,0,1,1150000.0
637,1500.0,3.0,2.5,2000.0,1920.0,2808 Ford St,0,1,0,0,0,0,0,0,0,1,800000.0
638,1844.0,9.0,4.0,2500.0,1925.0,200 Benziger Ave,0,0,0,0,0,1,0,0,0,1,460000.0
639,2230.0,3.0,3.0,6150.0,1965.0,210 Spratt Ave,0,0,0,0,0,1,0,0,0,1,868500.0
640,3040.0,4.0,3.5,4883.0,2010.0,149 Quincy Ave,0,0,0,0,0,1,0,0,0,1,975000.0
641,1332.0,3.0,1.5,2553.0,1987.0,5 Shiel Ave,0,0,0,0,0,1,0,0,0,1,570000.0
642,1196.0,3.0,2.5,3100.0,1965.0,3440 Richmond Ave,0,0,0,0,0,1,0,0,0,1,611250.0
643,1520.0,3.0,2.5,4000.0,1925.0,258 Poultney St,0,0,0,0,0,1,0,0,0,1,675000.0
644,2250.0,3.0,3.5,2500.0,2000.0,237 Gaynor St,0,0,0,0,0,1,0,0,0,1,675000.0
645,2000.0,3.0,3.5,3096.0,2002.0,152 Graham Ave,0,0,0,0,0,1,0,0,0,1,730000.0
646,1526.0,3.0,2.5,1950.0,1960.0,5 Zoe St,0,0,0,0,0,1,0,0,0,1,587000.0
647,2944.0,3.0,2.0,6450.0,1910.0,215 Ward Ave,0,0,0,0,0,1,0,0,0,1,765000.0
648,1314.0,3.0,1.5,4500.0,1937.0,85 Hillside Ter,0,0,0,0,0,1,0,0,0,1,690000.0
649,1140.0,2.0,1.5,1298.0,1990.0,26 Jupiter Ln,0,0,0,0,0,1,1,0,0,0,372900.0
650,1116.0,2.0,2.5,984.0,1991.0,764 Barlow Ave,0,0,0,0,0,1,0,0,0,1,475000.0
651,978.0,2.0,1.0,978.0,1983.0,571 Correll Ave,0,0,0,0,0,1,1,0,0,0,385000.0
652,1700.0,3.0,2.0,2100.0,1935.0,1563 81st St,0,1,0,0,0,0,0,0,0,1,945000.0
653,1240.0,5.0,2.0,6000.0,1960.0,426 Bard Ave,0,0,0,0,0,1,0,0,0,1,693000.0
654,1712.0,3.0,1.5,2317.0,1925.0,120 86th St,0,1,0,0,0,0,0,0,0,1,1055000.0
655,1440.0,3.0,1.5,4000.0,1965.0,81 Birchard Ave,0,0,0,0,0,1,0,0,0,1,605000.0
656,1507.0,2.0,1.0,5000.0,1945.0,276 Atlantic Ave,0,0,0,0,0,1,0,0,0,1,725000.0
657,1216.0,3.0,1.5,27007.2248,1975.0,347 Melba St,0,0,0,0,0,1,0,0,0,1,535000.0
658,2441.0,3.0,3.5,2500.0,1985.0,392 Nome Ave,0,0,0,0,0,1,0,0,0,1,751000.0
659,1775.0,3.0,2.5,1785.0,1930.0,2041 E 28th St,0,1,0,0,0,0,0,0,0,1,929000.0
660,1632.0,4.0,2.5,6000.0,1940.0,191-11 120th Ave,0,0,0,0,1,0,0,0,1,0,712500.0
661,3169.0,7.0,3.5,2000.0,1910.0,453 63rd St,0,1,0,0,0,0,0,0,1,0,1420000.0
662,1200.0,4.0,2.0,2500.0,1930.0,270 Glen Ave,0,0,0,0,0,1,0,0,0,1,353000.0
663,1536.0,2.0,3.0,3920.0,1920.0,137-18 95th St,0,0,0,1,0,0,0,0,1,0,795000.0
664,1512.0,5.0,2.0,2400.0,1925.0,1058 E 35th St,0,1,0,0,0,0,0,0,0,1,720000.0
665,1168.0,3.0,1.5,1742.0,1920.0,9147 111th St,0,0,0,1,0,0,0,0,0,1,624000.0
666,2560.0,5.0,2.0,2450.0,1930.0,1020 74th St,0,1,0,0,0,0,0,0,1,0,1533000.0
667,1115.0,3.0,2.0,3485.0,1945.0,51-15 Marathon Pkwy,0,0,0,1,0,0,0,0,0,1,914000.0
668,1836.0,4.0,2.0,2614.0,1920.0,103-12 103rd St,0,0,0,0,1,0,0,0,1,0,700000.0
669,2760.0,4.0,3.0,2000.0,1960.0,2079 E 52nd St,0,1,0,0,0,0,0,0,1,0,818000.0
670,1400.0,4.0,2.0,900.0,1981.0,134 Timber Ridge Dr,0,0,0,0,0,1,1,0,0,0,460000.0
671,2816.0,3.0,3.5,4500.0,1986.0,40 Hillcrest St,0,0,0,0,0,1,0,0,0,1,914000.0
672,1296.0,3.0,1.5,1800.0,1979.0,13 Hillridge Ct,0,0,0,0,0,1,1,0,0,0,550000.0
673,2660.0,4.0,3.5,6300.0,2004.0,21 Piedmont Ave,0,0,0,0,0,1,0,0,0,1,1277100.0
674,1622.0,4.0,2.5,2280.0,1999.0,28 Anaconda St,0,0,0,0,0,1,0,0,0,1,650000.0
675,1644.0,4.0,3.0,8000.0,1940.0,305 Edinboro Rd,0,0,0,0,0,1,0,0,0,1,925000.0
676,1910.0,4.0,2.5,1800.0,1935.0,1335 86th St,0,1,0,0,0,0,0,0,0,1,1120000.0
677,1288.0,3.0,2.0,1680.0,1920.0,50 Gotham Ave,0,1,0,0,0,0,0,0,0,1,660000.0
678,1770.0,4.0,3.5,4000.0,1970.0,102 Oakville St,0,0,0,0,0,1,0,0,0,1,780000.0
679,980.0,3.0,1.5,1800.0,1925.0,1921 E 34th St,0,1,0,0,0,0,0,0,0,1,665000.0
680,1264.0,3.0,1.0,3000.0,1915.0,41 Tompkins St,0,0,0,0,0,1,0,0,0,1,345000.0
681,1633.0,3.0,2.0,1440.0,1935.0,6617 Ovington Ct,0,1,0,0,0,0,0,0,0,1,930000.0
682,1503.0,5.0,2.5,3920.0,1957.0,13307 160th St,0,0,0,0,1,0,0,0,0,1,460000.0
683,2420.0,5.0,2.0,2178.0,1960.0,751 E 84th St,0,1,0,0,0,0,0,0,1,0,875000.0
684,1884.0,3.0,3.0,2544.0,1980.0,55 Goller Pl,0,0,0,0,0,1,0,0,0,1,626000.0
685,2146.0,9.0,3.0,2250.0,1925.0,1725 66th St,0,1,0,0,0,0,0,0,1,0,1438000.0
686,1224.0,3.0,2.0,2178.0,1950.0,61-10 67 St,0,0,0,1,0,0,0,0,0,1,850000.0
687,1440.0,3.0,2.5,2500.0,1997.0,161 Bath Ave,0,0,0,0,0,1,0,0,0,1,670000.0
688,1080.0,3.0,2.0,6000.0,1950.0,101 Delaware St,0,0,0,0,0,1,0,0,0,1,790000.0
689,1080.0,2.0,1.5,1320.0,1979.0,130 North Dr,0,0,0,0,0,1,1,0,0,0,483500.0
690,2382.0,3.0,2.5,3380.0,2020.0,15 Barry St,0,0,0,0,0,1,0,0,0,1,699000.0
691,1200.0,3.0,1.5,2695.0,1965.0,55 Chestnut Ave,0,0,0,0,0,1,0,0,0,1,540000.0
692,1080.0,2.0,1.5,1391.0,1981.0,38 Bower Ct,0,0,0,0,0,1,1,0,0,0,425000.0
693,1780.0,3.0,3.5,2725.0,1998.0,72 Kennington St,0,0,0,0,0,1,0,0,0,1,690000.0
694,2560.0,4.0,2.0,6100.0,1910.0,22 Dongan St,0,0,0,0,0,1,0,0,0,1,590000.0
695,2422.0,3.0,3.5,2750.0,2020.0,1209 Willowbrook Rd,0,0,0,0,0,1,0,0,0,1,720000.0
696,2006.0,3.0,2.5,2250.0,2000.0,302 Wingham St,0,0,0,0,0,1,0,0,0,1,780000.0
697,3235.0,5.0,5.5,7030.0,1975.0,34 Wetmore Rd,0,0,0,0,0,1,0,0,0,1,945000.0
698,4000.0,3.0,2.0,3920.0,1940.0,50-14 245th St,0,0,0,0,1,0,0,0,0,1,1200000.0
699,5870.0,4.0,4.5,13939.2128,2001.0,55 Arbor Ct,0,0,0,0,0,1,0,0,0,1,2400000.0
700,2042.0,4.0,2.0,4200.0,1970.0,773 Rensselaer Ave,0,0,0,0,0,1,0,0,0,1,734900.0
701,1491.0,3.0,2.0,3600.0,1915.0,248 Delafield Ave,0,0,0,0,0,1,0,0,0,1,603500.0
702,1584.0,3.0,2.0,2850.0,1970.0,11 Bowden St,0,0,0,0,0,1,0,0,0,1,670000.0
703,1092.0,3.0,2.0,2100.0,1925.0,92 Coursen Pl,0,0,0,0,0,1,0,0,0,1,424000.0
704,1332.0,3.0,2.5,3300.0,1975.0,33 Ladd Ave,0,0,0,0,0,1,0,0,0,1,590000.0
705,2227.0,3.0,2.0,2178.0,1940.0,30-64 85th St,0,0,0,0,1,0,0,0,1,0,830000.0
706,2640.0,4.0,3.5,3330.0,1999.0,15 Craig Ave,0,0,0,0,0,1,0,0,0,1,905000.0
707,2666.0,4.0,3.0,4312.0,1970.0,820 W Fingerboard Rd,0,0,0,0,0,1,0,0,0,1,750000.0
708,3780.0,5.0,4.5,13068.012,1986.0,115 Meade Loop,0,0,0,0,0,1,0,0,0,1,1075000.0
709,1440.0,3.0,2.5,2200.0,1994.0,139 Monahan Ave,0,0,0,0,0,1,0,0,0,1,640000.0
710,1700.0,4.0,1.5,2800.0,1979.0,120 Carlyle Grn,0,0,0,0,0,1,0,0,0,1,600000.0
711,2246.0,3.0,1.0,4465.0,1970.0,385 Gower St,0,0,0,0,0,1,0,0,0,1,725000.0
712,904.0,3.0,2.0,5000.0,1955.0,543 Wainwright Ave,0,0,0,0,0,1,0,0,0,1,672000.0
713,1008.0,2.0,1.5,1044.0,1986.0,63 Raily Ct,0,0,0,0,0,1,1,0,0,0,440000.0
714,1629.0,3.0,2.5,2129.0,2021.0,116 Hope Ave,0,0,0,0,0,1,1,0,0,0,650000.0
715,2072.0,3.0,2.0,4792.0,1933.0,150-31 10 Ave,0,0,0,1,0,0,0,0,0,1,950000.0
716,2088.0,4.0,5.0,4240.0,1970.0,3 Berry Ave,0,0,0,0,0,1,0,0,0,1,790000.0
717,1620.0,3.0,2.0,2376.0,1985.0,3 White St,0,0,0,0,0,1,0,0,0,1,560000.0
718,1120.0,3.0,1.5,2400.0,1980.0,243 Shotwell Ave,0,0,0,0,0,1,0,0,0,1,540000.0
719,2830.0,4.0,2.5,4800.0,1925.0,791 Jewett Ave,0,0,0,0,0,1,0,0,0,1,662500.0
720,2530.0,4.0,5.0,5040.0,1975.0,3291 Victory Blvd,0,0,0,0,0,1,0,0,0,1,860000.0
721,1090.0,2.0,1.5,1806.0,1991.0,62 Halpin Ave,0,0,0,0,0,1,1,0,0,0,520000.0
722,1680.0,4.0,1.0,6000.0,1950.0,1685 Arden Ave,0,0,0,0,0,1,0,0,0,1,548000.0
723,962.0,2.0,1.5,4000.0,1955.0,78 Barton Ave,0,0,0,0,0,1,0,0,0,1,605000.0
724,1500.0,2.0,1.5,1424.0,1987.0,23 Venus Ln,0,0,0,0,0,1,1,0,0,0,493000.0
725,2275.0,3.0,2.0,2178.0,1920.0,15038 Grand Central Pkwy,0,0,0,0,1,0,0,0,0,1,685000.0
726,1368.0,3.0,1.5,1742.0,1940.0,29-07 167 St,0,0,0,1,0,0,0,0,0,1,760000.0
727,8000.0,5.0,6.5,25700.4236,1996.0,167 Bedell Ave,0,0,0,0,0,1,0,0,0,1,1300000.0
728,2500.0,3.0,2.5,3450.0,1997.0,32 Jardine Ave,0,0,0,0,0,1,0,0,0,1,707500.0
729,2052.0,4.0,2.0,4000.0,1965.0,72 Vedder Ave,0,0,0,0,0,1,0,0,0,1,680000.0
730,1440.0,3.0,2.5,2500.0,1994.0,282 Greaves Ave,0,0,0,0,0,1,0,0,0,1,645000.0
731,1480.0,3.0,1.5,1480.0,1981.0,113 Morani St,0,0,0,0,0,1,1,0,0,0,472000.0
732,1232.0,3.0,1.5,2185.0,1980.0,437 Getz Ave,0,0,0,0,0,1,0,0,0,1,570000.0
733,1400.0,3.0,1.5,1750.0,2000.0,183 Morningstar Rd,0,0,0,0,0,1,0,0,0,1,235000.0
734,1696.0,3.0,2.5,2000.0,1930.0,1562 E 29th St,0,1,0,0,0,0,0,0,0,1,888000.0
735,768.0,2.0,1.0,3600.0,1950.0,260 Livermore Ave,0,0,0,0,0,1,0,0,0,1,450000.0
736,1605.0,4.0,2.5,3920.0,1945.0,61-22 213 St,0,0,0,1,0,0,0,0,0,1,818888.0
737,1605.0,4.0,2.5,3920.0,1945.0,61-22 213 St,0,0,0,1,0,0,0,0,0,1,818888.0
738,2392.0,4.0,3.5,2070.0,1980.0,23 Ebey Ln,0,0,0,0,0,1,0,0,0,1,620000.0
739,1792.0,4.0,2.0,6000.0,1940.0,96 Maple Pkwy,0,0,0,0,0,1,0,0,0,1,563000.0
740,1690.0,4.0,2.5,2280.0,1975.0,210 McVeigh Ave,0,0,0,0,0,1,0,0,0,1,625000.0
741,1920.0,3.0,2.5,3590.0,1975.0,233 Mason Ave,0,0,0,0,0,1,0,0,0,1,650000.0
742,1092.0,3.0,2.0,4500.0,1960.0,6 S Greenleaf Ave,0,0,0,0,0,1,0,0,0,1,625000.0
743,1444.0,3.0,2.5,2500.0,2021.0,53 Parkinson Ave,0,0,0,0,0,1,0,0,0,1,735000.0
744,2411.0,6.0,5.0,4050.0,2020.0,327 Bartlett Ave,0,0,0,0,0,1,0,0,0,1,999999.0
745,1416.0,3.0,2.0,1307.0,1935.0,111-23 75th Rd,0,0,0,1,0,0,0,0,0,1,1400000.0
746,3000.0,4.0,3.5,5200.0,2001.0,342 Eltingville Blvd,0,0,0,0,0,1,0,0,0,1,875000.0
747,1700.0,3.0,2.5,3767.0,2013.0,106 Sweetgum Ln,0,0,0,0,0,1,1,0,0,0,760000.0
748,1500.0,3.0,2.5,1600.0,1997.0,24 Smith St,0,0,0,0,0,1,1,0,0,0,495000.0
749,2000.0,3.0,3.5,3325.0,2006.0,280 Robinson Ave,0,0,0,0,0,1,0,0,0,1,830000.0
750,1804.0,3.0,2.5,3250.0,1986.0,19 Seguine Pl,0,0,0,0,0,1,0,0,0,1,645000.0
751,1890.0,3.0,1.5,2688.0,2000.0,302 Bethel Ave,0,0,0,0,0,1,0,0,0,1,640000.0
752,7290.0,9.0,11.0,2043.0,1890.0,110 W 76th St,0,0,1,0,0,0,0,0,1,0,5700000.0
753,7290.0,9.0,11.0,2043.0,1890.0,110-112 W 76th,0,0,1,0,0,0,0,0,1,0,8700000.0
754,1690.0,2.0,1.5,2134.0,1989.0,24 Zachary Ct,0,0,0,0,0,1,1,0,0,0,386600.0
755,7290.0,9.0,11.0,2043.0,1890.0,112 W 76th St,0,0,1,0,0,0,0,0,1,0,3000000.0
756,1420.0,3.0,2.0,5227.0,1940.0,20619 Richland Ave,0,0,0,1,0,0,0,0,0,1,960000.0
757,1536.0,3.0,2.5,2500.0,2001.0,146 Roswell Ave,0,0,0,0,0,1,0,0,0,1,589000.0
758,1008.0,2.0,1.5,1050.0,1989.0,140 Rosedale Ave,0,0,0,0,0,1,1,0,0,0,451000.0
759,1296.0,3.0,1.5,1233.0,1986.0,15 Shirra Ave,0,0,0,0,0,1,0,0,0,1,515000.0
760,1270.0,3.0,2.5,1900.0,2006.0,149 Amador St,0,0,0,0,0,1,0,0,0,1,525000.0
761,1768.0,4.0,2.0,4000.0,1965.0,16 Sparkill Ave,0,0,0,0,0,1,0,0,0,1,750000.0
762,1440.0,3.0,2.5,2860.0,1965.0,27 Barbara St,0,0,0,0,0,1,0,0,0,1,670000.0
763,1360.0,3.0,1.5,2430.0,1975.0,50 Wilson Ave,0,0,0,0,0,1,0,0,0,1,560000.0
764,940.0,2.0,2.0,3700.0,1955.0,89 Sylvia St,0,0,0,0,0,1,0,0,0,1,510000.0
765,1900.0,2.0,2.5,1243.0,1992.0,717 Correll Ave,0,0,0,0,0,1,1,0,0,0,476000.0
766,1360.0,2.0,1.5,1260.0,1992.0,89 Richmond Hill Rd,0,0,0,0,0,1,1,0,0,0,438000.0
767,1560.0,2.0,1.5,2220.0,1980.0,520 Midland Ave,0,0,0,0,0,1,0,0,0,1,480000.0
768,2506.0,4.0,2.5,1960.0,1999.0,26 White Oak Ln,0,0,0,0,0,1,0,0,0,1,648000.0
769,1440.0,3.0,2.5,2860.0,2014.0,9 Dumont Ave,0,0,0,0,0,1,0,0,0,1,640000.0
770,1536.0,3.0,1.5,1800.0,1975.0,217 Dover Grn,0,0,0,0,0,1,1,0,0,0,489000.0
771,1216.0,3.0,1.5,2496.0,1973.0,3970 Victory Blvd,0,0,0,0,0,1,0,0,0,1,490000.0
772,2246.0,4.0,2.5,4000.0,1980.0,16 Marvin Rd,0,0,0,0,0,1,0,0,0,1,750000.0
773,1658.0,2.0,0.0,3920.0,1945.0,27-21 165th St,0,0,0,1,0,0,0,0,0,1,818800.0
774,3544.0,7.0,5.0,3049.0,2004.0,60-08 77th Pl,0,0,0,0,1,0,0,0,1,0,1650000.0
775,4200.0,6.0,6.0,10018.809200000002,2004.0,53 Ottavio Promenade,0,0,0,0,0,1,0,0,0,1,1550000.0
776,1584.0,3.0,1.5,5000.0,1935.0,134 W Cedarview Ave,0,0,0,0,0,1,0,0,0,1,820000.0
777,1716.0,3.0,2.5,3000.0,1998.0,182 Leverett Ave,0,0,0,0,0,1,0,0,0,1,711000.0
778,1620.0,3.0,2.5,1800.0,1980.0,52 North Dr,0,0,0,0,0,1,1,0,0,0,582000.0
779,1230.0,3.0,2.5,2058.0,1960.0,123 Lamport Blvd,0,0,0,0,0,1,0,0,0,1,420000.0
780,1186.0,3.0,2.5,3000.0,1970.0,166 Ardmore Ave,0,0,0,0,0,1,0,0,0,1,670000.0
781,2900.0,8.0,5.0,4792.0,2021.0,118-28 203rd St,0,0,0,0,1,0,0,0,1,0,1030000.0
782,1024.0,2.0,1.5,2178.0,1945.0,159-23 Powells Cove Blvd,0,0,0,1,0,0,0,0,0,1,745000.0
783,1195.0,3.0,2.5,1900.0,2019.0,150 Freeborn St,0,0,0,0,0,1,0,0,0,1,480000.0
784,3150.0,3.0,3.0,5000.0,1955.0,245 Burbank Ave,0,0,0,0,0,1,0,0,0,1,1316000.0
785,4788.0,4.0,3.5,12632.4116,2011.0,12 Kayla Ct,0,0,0,0,0,1,0,0,0,1,1584000.0
786,2484.0,5.0,3.5,6000.0,1975.0,416 Edgegrove Ave,0,0,0,0,0,1,0,0,0,1,870000.0
787,1080.0,3.0,1.0,1800.0,1930.0,51 Wavecrest St,0,0,0,0,0,1,0,0,0,1,420000.0
788,1441.0,4.0,1.0,2737.0,1920.0,157 Anderson St,0,0,0,0,0,1,0,0,0,1,499999.0
789,1504.0,5.0,2.5,2500.0,1935.0,1236 E 27th St,0,1,0,0,0,0,0,0,0,1,990000.0
790,2390.0,3.0,1.5,2475.0,1983.0,652 Travis Ave,0,0,0,0,0,1,0,0,0,1,787950.0
791,3999.0,4.0,3.5,9297.0,2005.0,33 Bayside Ln,0,0,0,0,0,1,0,0,0,1,1190000.0
792,1216.0,3.0,1.5,3920.0,1920.0,85-18 55th Ave,0,0,0,1,0,0,0,0,0,1,1080000.0
793,2366.0,6.0,2.5,4454.0,1970.0,11 Elias Pl,0,0,0,0,0,1,0,0,0,1,884900.0
794,1188.0,3.0,1.5,1943.0,1982.0,26 Charleston Ave,0,0,0,0,0,1,1,0,0,0,437500.0
795,1500.0,3.0,3.5,2500.0,2020.0,7 Smith St,0,0,0,0,0,1,0,0,0,1,655000.0
796,1052.0,3.0,2.0,2790.0,1925.0,393 Pelton Ave,0,0,0,0,0,1,0,0,0,1,525000.0
797,1592.0,2.0,2.0,1600.0,1950.0,2117 E 35th St,0,1,0,0,0,0,0,0,0,1,673000.0
798,1767.0,3.0,2.0,2200.0,1945.0,28 E 55th St,0,1,0,0,0,0,0,0,1,0,650000.0
799,1485.0,4.0,1.5,2178.0,1925.0,113-31 Union Tpke,0,0,0,1,0,0,0,0,0,1,1045000.0
800,4867.0,4.0,4.5,13503.6124,1986.0,27 Flagg Ct,0,0,0,0,0,1,0,0,0,1,1762500.0
801,4800.0,4.0,5.5,11325.6104,2005.0,31 Arbutus Way,0,0,0,0,0,1,0,0,0,1,1625000.0
802,1946.0,4.0,2.5,3431.0,1975.0,34 Kyle Ct,0,0,0,0,0,1,1,0,0,0,599000.0
803,2411.0,6.0,5.0,4050.0,2020.0,450 Eltingville Blvd,0,0,0,0,0,1,0,0,0,1,999999.0
804,1300.0,3.0,2.5,3689.0,2000.0,58 Millstone Ct,0,0,0,0,0,1,1,0,0,0,545000.0
805,1500.0,5.0,3.0,3375.0,1920.0,25 Castleton Ave,0,0,0,0,0,1,0,0,0,1,480000.0
806,2704.0,3.0,2.0,7749.0,1970.0,24 Juni Ct,0,0,0,0,0,1,0,0,0,1,999000.0
807,1200.0,3.0,2.5,2500.0,1975.0,26 Ainsworth Ave,0,0,0,0,0,1,0,0,0,1,600000.0
808,2084.0,6.0,4.5,3520.0,2019.0,293 Cromwell Ave,0,0,0,0,0,1,0,0,0,1,939000.0
809,1786.0,3.0,2.0,4500.0,1960.0,50 Fairway Ave,0,0,0,0,0,1,0,0,0,1,525000.0
810,1096.0,3.0,1.0,2500.0,1925.0,193 Raymond Pl,0,0,0,0,0,1,0,0,0,1,550000.0
811,1308.0,3.0,1.5,4000.0,1930.0,109-30 121st St,0,0,0,1,0,0,0,0,1,0,725000.0
812,1600.0,3.0,2.0,3075.0,1915.0,28 Presley St,0,0,0,0,0,1,0,0,0,1,551000.0
813,950.0,2.0,1.0,950.0,1950.0,216-23 73rd Ave,0,0,0,0,0,1,1,0,0,0,290000.0
814,2160.0,5.0,2.0,2178.0,1915.0,74-46 64th Pl,0,0,0,0,1,0,0,0,1,0,875000.0
815,3125.0,4.0,3.0,17424.016,1950.0,414 Arbutus Ave,0,0,0,0,0,1,0,0,0,1,995000.0
816,3770.0,5.0,5.5,11761.2108,1989.0,19 Keppel Ave,0,0,0,0,0,1,0,0,0,1,1331000.0
817,2060.0,3.0,3.5,3000.0,2005.0,124 Crafton Ave,0,0,0,0,0,1,0,0,0,1,545000.0
818,2862.0,1.0,6.0,5688.0,1974.0,56 Sommer Ave,0,0,0,0,0,1,0,0,1,0,870000.0
819,1140.0,3.0,1.5,2500.0,1965.0,131 Buffalo St,0,0,0,0,0,1,0,0,0,1,550000.0
820,1170.0,3.0,2.0,4342.0,1955.0,183 Kell Ave,0,0,0,0,0,1,0,0,0,1,675000.0
821,1000.0,4.0,2.0,5355.0,1955.0,4 Koch Blvd,0,0,0,0,0,1,0,0,0,1,538500.0
822,1980.0,3.0,2.5,2600.0,1930.0,1423 79th St,0,1,0,0,0,0,0,0,0,1,1150000.0
823,1096.0,3.0,1.5,2500.0,1965.0,192 Eltingville Blvd,0,0,0,0,0,1,0,0,0,1,445000.0
824,1890.0,3.0,1.5,2350.0,1977.0,266 Doane Ave,0,0,0,0,0,1,0,0,0,1,550000.0
825,4131.0,3.0,3.0,4000.0,2021.0,56 Hickory Ave,0,0,0,0,0,1,0,0,0,1,1039999.0
826,1500.0,4.0,1.5,3920.0,1950.0,57-10 262nd St,0,0,0,0,1,0,0,0,0,1,950000.0
827,1440.0,3.0,2.5,2500.0,1993.0,293 Brighton St,0,0,0,0,0,1,0,0,0,1,615000.0
828,2846.0,4.0,2.5,2300.0,1960.0,60-42 75 St,0,0,0,1,0,0,0,0,0,1,1130000.0
829,1504.0,3.0,2.5,2575.0,1980.0,729 Willowbrook Rd,0,0,0,0,0,1,0,0,0,1,649000.0
830,1722.0,3.0,2.5,2000.0,1989.0,58 Dalton Ave,0,0,0,0,0,1,0,0,0,1,571000.0
831,1512.0,3.0,2.5,1400.0,2003.0,647 Targee St,0,0,0,0,0,1,1,0,0,0,510000.0
832,3330.0,5.0,4.5,6220.0,2004.0,34 Carlton Ct,0,0,0,0,0,1,0,0,0,1,1250000.0
833,1568.0,5.0,2.5,2000.0,1920.0,1555 E 37th St,0,1,0,0,0,0,0,0,0,1,780000.0
834,2051.0,4.0,3.5,6000.0,1970.0,653 Edgegrove Ave,0,0,0,0,0,1,0,0,0,1,765000.0
835,1092.0,3.0,3.0,5771.0,1950.0,166 Maple Pkwy,0,0,0,0,0,1,0,0,0,1,520000.0
836,4800.0,5.0,4.0,10018.809200000002,1984.0,350 Park St,0,0,0,0,0,1,0,0,0,1,1300000.0
837,2996.0,5.0,4.0,6500.0,1983.0,454 Yetman Ave,0,0,0,0,0,1,0,0,0,1,920000.0
838,1088.0,3.0,2.5,2548.0,1988.0,314 Harold St,0,0,0,0,0,1,0,0,0,1,530000.0
839,1288.0,3.0,1.5,2000.0,1985.0,73 Cameron Ave,0,0,0,0,0,1,0,0,0,1,585000.0
840,1600.0,3.0,2.5,2800.0,1978.0,12 Ludlow St,0,0,0,0,0,1,0,0,0,1,610000.0
841,1800.0,3.0,3.5,2260.0,1993.0,235 Milton Ave,0,0,0,0,0,1,0,0,0,1,575000.0
842,1176.0,3.0,2.0,1968.0,1960.0,69 S Railroad Ave,0,0,0,0,0,1,0,0,0,1,593000.0
843,1144.0,3.0,1.0,3840.0,1940.0,20 Livermore Ave,0,0,0,0,0,1,0,0,0,1,519000.0
844,1130.0,4.0,2.0,2500.0,1910.0,303 Taylor St,0,0,0,0,0,1,0,0,0,1,437000.0
845,1533.0,4.0,2.0,6480.0,1950.0,71 Wadsworth Rd,0,0,0,0,0,1,0,0,0,1,730000.0
846,1176.0,3.0,2.5,2026.0,2020.0,56 Confederation Pl,0,0,0,0,0,1,0,0,0,1,505000.0
847,2040.0,5.0,3.0,2178.0,1920.0,62-19 60 Dr,0,0,0,1,0,0,0,0,1,0,780000.0
848,1105.0,5.0,2.0,3900.0,1950.0,130-31 223rd St,0,0,0,0,1,0,0,1,0,0,610000.0
849,4136.0,4.0,4.5,11761.2108,2004.0,6157 Amboy Rd,0,0,0,0,0,1,0,0,0,1,1420000.0
850,5445.0,6.0,5.0,4000.0,1930.0,1115 E 5th St,0,1,0,0,0,0,0,0,0,1,2999500.0
851,2290.0,4.0,3.5,2571.0,2006.0,47 Perona Ln,0,0,0,0,0,1,0,0,0,1,705000.0
852,978.0,2.0,2.0,978.0,1983.0,87 Gervil St,0,0,0,0,0,1,1,0,0,0,385000.0
853,3312.0,4.0,3.5,4500.0,2018.0,139 3rd St,0,0,0,0,0,1,0,0,0,1,999000.0
854,1290.0,4.0,1.0,3920.0,1945.0,162-41 97th St,0,0,0,1,0,0,0,0,0,1,620000.0
855,1900.0,4.0,3.0,3800.0,1950.0,297 Beach Rd,0,0,0,0,0,1,0,0,0,1,800000.0
856,864.0,3.0,2.0,4000.0,1960.0,284 Montreal Ave,0,0,0,0,0,1,0,0,0,1,645000.0
857,1408.0,3.0,2.5,2600.0,1996.0,11 Jackson Ave,0,0,0,0,0,1,0,0,0,1,580000.0
858,1500.0,3.0,2.5,2500.0,2020.0,5 Smith St,0,0,0,0,0,1,0,0,0,1,640000.0
859,1300.0,3.0,1.5,2222.0,1992.0,105 Weed Ave,0,0,0,0,0,1,0,0,0,1,610000.0
860,1720.0,3.0,2.5,1808.0,2019.0,930 Richmond Rd,0,0,0,0,0,1,1,0,0,0,633000.0
861,1584.0,3.0,1.5,1742.0,1945.0,68-44 Harrow St,0,0,0,1,0,0,0,0,0,1,950000.0
862,1440.0,3.0,3.5,2464.0,2011.0,91 Crabtree Ave,0,0,0,0,0,1,0,0,0,1,713000.0
863,2904.0,5.0,2.5,5100.0,1975.0,172 Sommer Ave,0,0,0,0,0,1,0,0,0,1,870000.0
864,1413.0,3.0,2.0,3246.0,1960.0,19 Tabb Pl,0,0,0,0,0,1,0,0,0,1,545000.0
865,2084.0,4.0,2.0,22215.6204,1915.0,361 St George Rd,0,0,0,0,0,1,0,0,0,1,825000.0
866,1200.0,3.0,1.5,1848.0,2002.0,563 Greeley Ave,0,0,0,0,0,1,0,0,0,1,545000.0
867,2000.0,3.0,2.5,4000.0,2020.0,472 Wilson Ave,0,0,0,0,0,1,0,0,0,1,835000.0
868,1920.0,5.0,3.0,4000.0,1925.0,2049 W 5th St,0,1,0,0,0,0,0,0,0,1,1350000.0
869,1820.0,3.0,2.0,5406.0,1965.0,23 Ocean Ter,0,0,0,0,0,1,0,0,0,1,823888.0
870,3200.0,4.0,3.5,8648.0,1980.0,67 Marvin Rd,0,0,0,0,0,1,0,0,0,1,980000.0
871,2927.0,4.0,3.5,4132.0,2008.0,16 Covington Cir,0,0,0,0,0,1,0,0,0,1,1175000.0
872,1452.0,3.0,2.5,3182.0,1920.0,3 W Raleigh Ave,0,0,0,0,0,1,0,0,0,1,690000.0
873,1648.0,4.0,2.0,3000.0,1915.0,311 Clinton B Fiske Ave,0,0,0,0,0,1,0,0,0,1,680000.0
874,1036.0,2.0,1.5,760.0,1984.0,34 Greentree Ln,0,0,0,0,0,1,1,0,0,0,430000.0
875,1600.0,3.0,2.5,2000.0,2000.0,127 Baden Pl,0,0,0,0,0,1,0,0,0,1,562000.0
876,1216.0,3.0,1.5,2500.0,1972.0,363 Melba St,0,0,0,0,0,1,0,0,0,1,600000.0
877,2288.0,3.0,2.0,6000.0,1945.0,5 Dent Rd,0,0,0,0,0,1,0,0,0,1,625000.0
878,1600.0,3.0,3.5,2025.0,1992.0,2142 Richmond Rd,0,0,0,0,0,1,0,0,0,1,580000.0
879,2000.0,3.0,1.5,2375.0,2010.0,218 Hamilton Ave,0,0,0,0,0,1,0,0,0,1,508000.0
880,1656.0,3.0,1.5,3825.0,1915.0,216 Deems Ave,0,0,0,0,0,1,0,0,0,1,555000.0
881,1540.0,3.0,2.0,1274.0,1996.0,118 Kenilworth Ave,0,0,0,0,0,1,1,0,0,0,560000.0
882,1240.0,3.0,2.5,500.0,1996.0,40 Sable Loop,0,0,0,0,0,1,0,0,0,1,435000.0
883,945.0,1.0,1.0,476.0,1986.0,5 Vogel Ln,0,0,0,0,0,1,1,0,0,0,345000.0
884,1096.0,2.0,1.0,1096.0,1991.0,16 Jupiter Ln,0,0,0,0,0,1,1,0,0,0,290000.0
885,3864.0,3.0,2.5,3720.0,2020.0,157 Marine Way,0,0,0,0,0,1,0,0,0,1,849000.0
886,1555.0,3.0,1.5,1307.0,1987.0,88-09 249 St,0,0,0,1,0,0,0,0,0,1,620000.0
887,1422.0,3.0,2.0,1742.0,1915.0,91-38 88th St,0,0,0,1,0,0,0,0,0,1,605000.0
888,1132.0,3.0,2.5,3049.0,1935.0,114-19 168th St,0,0,0,0,1,0,0,0,0,1,550000.0
889,5482.0,6.0,7.5,38332.8352,1999.0,69 Coventry Rd,0,0,0,0,0,1,0,0,0,1,3000000.0
890,1116.0,3.0,2.0,2833.0,1925.0,24 9th St,0,0,0,0,0,1,0,0,0,1,635000.0
891,1650.0,4.0,2.5,5000.0,1965.0,265 Adelaide Ave,0,0,0,0,0,1,0,0,0,1,690000.0
892,1800.0,3.0,1.5,5700.0,1899.0,51 Simonson Ave,0,0,0,0,0,1,0,0,0,1,485000.0
893,2200.0,3.0,2.5,3036.0,2003.0,117 Ridgewood Ave,0,0,0,0,0,1,0,0,0,1,855000.0
894,1397.0,3.0,2.5,3420.0,2008.0,16 Swinnerton St,0,0,0,0,0,1,0,0,0,1,695000.0
895,13800.0,26.0,15.0,5121.0,1930.0,85 Ann St,0,0,0,0,0,1,0,0,1,0,2250000.0
896,1421.0,4.0,1.5,3750.0,1920.0,20 Wheeler Ave,0,0,0,0,0,1,0,0,0,1,578000.0
897,1476.0,3.0,1.5,3278.0,1970.0,12 Bass St,0,0,0,0,0,1,0,0,0,1,585000.0
898,2568.0,5.0,3.5,4200.0,1970.0,50 Bowdoin St,0,0,0,0,0,1,0,0,0,1,850000.0
899,1794.0,4.0,3.5,3540.0,1979.0,205 Annadale Rd,0,0,0,0,0,1,0,0,0,1,699000.0
900,1216.0,3.0,2.5,2009.0,1996.0,195 Maryland Ave,0,0,0,0,0,1,1,0,0,0,588000.0
901,2088.0,4.0,3.0,2300.0,1980.0,103 Alexander Ave,0,0,0,0,0,1,0,0,0,1,650000.0
902,1400.0,2.0,1.5,1267.0,1987.0,33 Carlyle Grn,0,0,0,0,0,1,0,0,0,1,440000.0
903,1152.0,3.0,1.0,5850.0,1955.0,388 Lyndale Ave,0,0,0,0,0,1,0,0,0,1,620000.0
904,1125.0,5.0,2.5,4000.0,1966.0,461 Oakdale St,0,0,0,0,0,1,0,0,0,1,690000.0
905,2102.0,3.0,1.5,5895.0,2000.0,302 Slater Blvd,0,0,0,0,0,1,0,0,0,1,516450.0
906,2440.0,6.0,5.0,6300.0,2019.0,5411 Arthur Kill Rd,0,0,0,0,0,1,0,0,0,1,850000.0
907,3347.0,6.0,5.0,6304.0,2020.0,10 Serenity Way,0,0,0,0,0,1,0,0,0,1,825000.0
908,1701.0,3.0,2.0,3920.0,1945.0,79-26 212 St,0,0,0,1,0,0,0,0,0,1,915000.0
909,929.0,1.0,1.5,353.0,1996.0,161 Emily Ln,0,0,0,0,0,1,1,0,0,0,295000.0
910,646.0,2.0,1.5,1742.0,1950.0,107-20 Watson Pl,0,0,0,1,0,0,0,0,0,1,424000.0
911,1480.0,2.0,1.0,2800.0,1925.0,101 Coursen Pl,0,0,0,0,0,1,0,0,0,1,389000.0
912,1514.0,3.0,1.0,3049.0,1925.0,112-12 203rd St,0,0,0,1,0,0,0,0,0,1,540000.0
913,2168.0,5.0,3.0,2614.0,1915.0,84-07 104th St,0,0,0,1,0,0,0,0,0,1,875000.0
914,2400.0,3.0,4.0,4000.0,2021.0,347 Ross Ave,0,0,0,0,0,1,0,0,0,1,1100000.0
915,1224.0,3.0,2.0,1742.0,1940.0,67-119 Clyde St,0,0,0,1,0,0,0,0,0,1,935000.0
916,2192.0,3.0,2.5,5000.0,1979.0,83 Augusta Ave,0,0,0,0,0,1,0,0,0,1,930000.0
917,1368.0,3.0,1.5,5535.0,1987.0,185 Rye Ave,0,0,0,0,0,1,0,0,0,1,645000.0
918,1680.0,3.0,2.5,2225.0,2004.0,85 Livingston Ave,0,0,0,0,0,1,0,0,0,1,620000.0
919,1204.0,3.0,2.5,2170.0,2004.0,20 Calvanico Ln,0,0,0,0,0,1,1,0,0,0,520000.0
920,1392.0,3.0,1.5,1783.0,1975.0,24 Kyle Ct,0,0,0,0,0,1,1,0,0,0,520000.0
921,2250.0,3.0,3.0,4000.0,1935.0,80 Grant Pl,0,0,0,0,0,1,0,0,0,1,610000.0
922,3286.0,6.0,3.5,6708.0,2020.0,23 Herbert St,0,0,0,0,0,1,0,0,0,1,1070000.0
923,1450.0,3.0,1.5,1450.0,1978.0,167 Rolling Hill Grn,0,0,0,0,0,1,1,0,0,0,445000.0
924,3864.0,14.0,4.0,6350.0,1942.0,89-91 Laurel Ave,0,0,0,0,0,1,0,0,1,0,885000.0
925,1152.0,3.0,2.0,3049.0,1925.0,53-64 64th St,0,0,0,1,0,0,0,0,0,1,795000.0
926,1140.0,4.0,2.0,3920.0,1950.0,104-58 214th St,0,0,0,1,0,0,0,0,0,1,657000.0
927,1766.0,4.0,2.0,4662.0,1920.0,416 College Ave,0,0,0,0,0,1,0,0,0,1,678000.0
928,2490.0,2.0,2.5,3547.0,2007.0,40 Tides Ln,0,0,0,0,0,1,0,0,0,1,675000.0
929,1360.0,4.0,2.0,6250.0,1935.0,31 Hillside Ter,0,0,0,0,0,1,0,0,0,1,620000.0
930,1771.0,4.0,2.0,4100.0,1977.0,715 Katan Ave,0,0,0,0,0,1,0,0,0,1,700000.0
931,1686.0,3.0,2.0,4000.0,1925.0,40 Sterling Ave,0,0,0,0,0,1,0,0,0,1,650000.0
932,1408.0,3.0,2.5,2342.0,1978.0,410 Montreal Ave,0,0,0,0,0,1,0,0,0,1,628000.0
933,1870.0,3.0,2.5,2750.0,1970.0,23 Stobe Ave,0,0,0,0,0,1,0,0,0,1,540333.0
934,1080.0,3.0,1.5,2070.0,1986.0,7 McCormick Pl,0,0,0,0,0,1,1,0,0,0,410000.0
